timestamp,pred_label,actual_label
2016-06-06 20:07:03.300,0.0,2.0
2016-06-06 20:07:03.400,0.0,2.0
2016-06-06 20:07:03.500,0.0,2.0
2016-06-06 20:07:03.600,0.0,2.0
2016-06-06 20:07:03.700,0.0,2.0
2016-06-06 20:07:03.800,0.0,2.0
2016-06-06 20:07:03.900,0.0,2.0
2016-06-06 20:07:04.000,0.0,2.0
2016-06-06 20:07:04.100,0.0,2.0
2016-06-06 20:07:04.200,1.0,1.0
2016-06-06 20:07:04.300,1.0,1.0
2016-06-06 20:07:04.400,1.0,1.0
2016-06-06 20:07:04.500,1.0,1.0
2016-06-06 20:07:04.600,1.0,1.0
2016-06-06 20:07:04.700,1.0,1.0
2016-06-06 20:07:04.800,1.0,1.0
2016-06-06 20:07:04.900,1.0,1.0
2016-06-06 20:07:05.000,1.0,1.0
2016-06-06 20:07:05.100,1.0,1.0
2016-06-06 20:07:05.200,1.0,1.0
2016-06-06 20:07:05.300,1.0,1.0
2016-06-06 20:07:05.400,1.0,1.0
2016-06-06 20:07:05.500,1.0,1.0
2016-06-06 20:07:05.600,1.0,1.0
2016-06-06 20:07:05.700,1.0,1.0
2016-06-06 20:07:05.800,1.0,1.0
2016-06-06 20:07:05.900,1.0,1.0
2016-06-06 20:07:06.000,1.0,1.0
2016-06-06 20:07:06.100,1.0,1.0
2016-06-06 20:07:06.200,1.0,1.0
2016-06-06 20:07:06.300,1.0,1.0
2016-06-06 20:07:06.400,1.0,1.0
2016-06-06 20:07:06.500,1.0,1.0
2016-06-06 20:07:06.600,1.0,1.0
2016-06-06 20:07:06.700,1.0,1.0
2016-06-06 20:07:06.800,1.0,1.0
2016-06-06 20:07:06.900,1.0,1.0
2016-06-06 20:07:07.000,1.0,1.0
2016-06-06 20:07:07.100,1.0,1.0
2016-06-06 20:07:07.200,1.0,1.0
2016-06-06 20:07:07.300,1.0,1.0
2016-06-06 20:07:07.400,1.0,1.0
2016-06-06 20:07:07.500,1.0,1.0
2016-06-06 20:07:07.600,1.0,1.0
2016-06-06 20:07:07.700,1.0,1.0
2016-06-06 20:07:07.800,1.0,1.0
2016-06-06 20:07:07.900,1.0,1.0
2016-06-06 20:07:08.000,1.0,1.0
2016-06-06 20:07:08.100,1.0,1.0
2016-06-06 20:07:08.200,1.0,1.0
2016-06-06 20:07:08.300,1.0,1.0
2016-06-06 20:07:08.400,1.0,1.0
2016-06-06 20:07:08.500,1.0,1.0
2016-06-06 20:07:08.600,1.0,1.0
2016-06-06 20:07:08.700,1.0,1.0
2016-06-06 20:07:08.800,1.0,1.0
2016-06-06 20:07:08.900,1.0,1.0
2016-06-06 20:07:09.000,1.0,1.0
2016-06-06 20:07:09.100,1.0,1.0
2016-06-06 20:07:09.200,0.0,2.0
2016-06-06 20:07:09.300,2.0,2.0
2016-06-06 20:07:09.400,2.0,2.0
2016-06-06 20:07:09.500,2.0,2.0
2016-06-06 20:07:09.600,2.0,2.0
2016-06-06 20:07:09.700,2.0,2.0
2016-06-06 20:07:09.800,2.0,2.0
2016-06-06 20:07:09.900,2.0,2.0
2016-06-06 20:07:10.000,2.0,2.0
2016-06-06 20:07:10.100,2.0,2.0
2016-06-06 20:07:10.200,2.0,2.0
2016-06-06 20:07:10.300,2.0,2.0
2016-06-06 20:07:10.400,2.0,2.0
2016-06-06 20:07:10.500,2.0,2.0
2016-06-06 20:07:10.600,2.0,2.0
2016-06-06 20:07:10.700,2.0,2.0
2016-06-06 20:07:10.800,2.0,2.0
2016-06-06 20:07:10.900,2.0,2.0
2016-06-06 20:07:11.000,2.0,2.0
2016-06-06 20:07:11.100,2.0,2.0
2016-06-06 20:07:11.200,2.0,2.0
2016-06-06 20:07:11.300,2.0,2.0
2016-06-06 20:07:11.400,2.0,2.0
2016-06-06 20:07:11.500,2.0,2.0
2016-06-06 20:07:11.600,2.0,2.0
2016-06-06 20:07:11.700,2.0,2.0
2016-06-06 20:07:11.800,2.0,2.0
2016-06-06 20:07:11.900,2.0,2.0
2016-06-06 20:07:12.000,2.0,2.0
2016-06-06 20:07:12.100,2.0,2.0
2016-06-06 20:07:12.200,2.0,2.0
2016-06-06 20:07:12.300,2.0,2.0
2016-06-06 20:07:12.400,2.0,2.0
2016-06-06 20:07:12.500,2.0,2.0
2016-06-06 20:07:12.600,2.0,2.0
2016-06-06 20:07:12.700,2.0,2.0
2016-06-06 20:07:12.800,2.0,2.0
2016-06-06 20:07:12.900,2.0,2.0
2016-06-06 20:07:13.000,2.0,2.0
2016-06-06 20:07:13.100,2.0,2.0
2016-06-06 20:07:13.200,2.0,2.0
2016-06-06 20:07:13.300,2.0,2.0
2016-06-06 20:07:13.400,2.0,2.0
2016-06-06 20:07:13.500,2.0,2.0
2016-06-06 20:07:13.600,2.0,2.0
2016-06-06 20:07:13.700,2.0,2.0
2016-06-06 20:07:13.800,2.0,2.0
2016-06-06 20:07:13.900,2.0,2.0
2016-06-06 20:07:14.000,2.0,2.0
2016-06-06 20:07:14.100,2.0,2.0
2016-06-06 20:07:14.200,2.0,2.0
2016-06-06 20:07:14.300,2.0,2.0
2016-06-06 20:07:14.400,2.0,2.0
2016-06-06 20:07:14.500,2.0,2.0
2016-06-06 20:07:14.600,2.0,2.0
2016-06-06 20:07:14.700,2.0,2.0
2016-06-06 20:07:14.800,0.0,2.0
2016-06-06 20:07:14.900,0.0,2.0
2016-06-06 20:07:15.000,0.0,2.0
2016-06-06 20:07:15.100,0.0,2.0
2016-06-06 20:07:15.200,0.0,2.0
2016-06-06 20:07:15.300,0.0,2.0
2016-06-06 20:07:15.400,0.0,2.0
2016-06-06 20:07:15.500,0.0,2.0
2016-06-06 20:07:15.600,0.0,2.0
2016-06-06 20:07:15.700,0.0,2.0
2016-06-06 20:07:15.800,0.0,2.0
2016-06-06 20:07:15.900,2.0,2.0
2016-06-06 20:07:16.000,2.0,2.0
2016-06-06 20:07:16.100,2.0,2.0
2016-06-06 20:07:16.200,2.0,2.0
2016-06-06 20:07:16.300,2.0,2.0
2016-06-06 20:07:16.400,2.0,2.0
2016-06-06 20:07:16.500,2.0,2.0
2016-06-06 20:07:16.600,0.0,2.0
2016-06-06 20:07:16.700,0.0,2.0
2016-06-06 20:07:16.800,1.0,1.0
2016-06-06 20:07:16.900,1.0,1.0
2016-06-06 20:07:17.000,1.0,1.0
2016-06-06 20:07:17.100,1.0,1.0
2016-06-06 20:07:17.200,1.0,1.0
2016-06-06 20:07:17.300,1.0,1.0
2016-06-06 20:07:17.400,1.0,1.0
2016-06-06 20:07:17.500,1.0,1.0
2016-06-06 20:07:17.600,1.0,1.0
2016-06-06 20:07:17.700,1.0,1.0
2016-06-06 20:07:17.800,1.0,1.0
2016-06-06 20:07:17.900,1.0,1.0
2016-06-06 20:07:18.000,1.0,1.0
2016-06-06 20:07:18.100,1.0,1.0
2016-06-06 20:07:18.200,1.0,1.0
2016-06-06 20:07:18.300,1.0,1.0
2016-06-06 20:07:18.400,1.0,1.0
2016-06-06 20:07:18.500,1.0,1.0
2016-06-06 20:07:18.600,1.0,1.0
2016-06-06 20:07:18.700,1.0,1.0
2016-06-06 20:07:18.800,1.0,1.0
2016-06-06 20:07:18.900,1.0,1.0
2016-06-06 20:07:19.000,1.0,1.0
2016-06-06 20:07:19.100,1.0,1.0
2016-06-06 20:07:19.200,1.0,1.0
2016-06-06 20:07:19.300,1.0,1.0
2016-06-06 20:07:19.400,1.0,1.0
2016-06-06 20:07:19.500,1.0,1.0
2016-06-06 20:07:19.600,1.0,1.0
2016-06-06 20:07:19.700,1.0,1.0
2016-06-06 20:07:19.800,1.0,1.0
2016-06-06 20:07:19.900,1.0,1.0
2016-06-06 20:07:20.000,1.0,1.0
2016-06-06 20:07:20.100,1.0,1.0
2016-06-06 20:07:20.200,1.0,1.0
2016-06-06 20:07:20.300,1.0,1.0
2016-06-06 20:07:20.400,1.0,1.0
2016-06-06 20:07:20.500,1.0,1.0
2016-06-06 20:07:20.600,1.0,1.0
2016-06-06 20:07:20.700,1.0,1.0
2016-06-06 20:07:20.800,1.0,1.0
2016-06-06 20:07:20.900,1.0,1.0
2016-06-06 20:07:21.000,1.0,1.0
2016-06-06 20:07:21.100,1.0,1.0
2016-06-06 20:07:21.200,1.0,1.0
2016-06-06 20:07:21.300,1.0,1.0
2016-06-06 20:07:21.400,1.0,1.0
2016-06-06 20:07:21.500,1.0,1.0
2016-06-06 20:07:21.600,1.0,1.0
2016-06-06 20:07:21.700,1.0,1.0
2016-06-06 20:07:21.800,0.0,2.0
2016-06-06 20:07:21.900,2.0,2.0
2016-06-06 20:07:22.000,2.0,2.0
2016-06-06 20:07:22.100,2.0,2.0
2016-06-06 20:07:22.200,2.0,2.0
2016-06-06 20:07:22.300,2.0,2.0
2016-06-06 20:07:22.400,2.0,2.0
2016-06-06 20:07:22.500,2.0,2.0
2016-06-06 20:07:22.600,2.0,2.0
2016-06-06 20:07:22.700,2.0,2.0
2016-06-06 20:07:22.800,2.0,2.0
2016-06-06 20:07:22.900,2.0,2.0
2016-06-06 20:07:23.000,2.0,2.0
2016-06-06 20:07:23.100,2.0,2.0
2016-06-06 20:07:23.200,2.0,2.0
2016-06-06 20:07:23.300,1.0,0.0
2016-06-06 20:07:23.400,1.0,0.0
2016-06-06 20:07:23.500,1.0,0.0
2016-06-06 20:07:23.600,1.0,0.0
2016-06-06 20:07:23.700,1.0,0.0
2016-06-06 20:07:23.800,1.0,0.0
2016-06-06 20:07:23.900,1.0,0.0
2016-06-06 20:07:24.000,1.0,0.0
2016-06-06 20:07:24.100,1.0,0.0
2016-06-06 20:07:24.200,1.0,0.0
2016-06-06 20:07:24.300,1.0,0.0
2016-06-06 20:07:24.400,1.0,0.0
2016-06-06 20:07:24.500,1.0,0.0
2016-06-06 20:07:24.600,1.0,0.0
2016-06-06 20:07:24.700,1.0,0.0
2016-06-06 20:07:24.800,1.0,0.0
2016-06-06 20:07:24.900,1.0,0.0
2016-06-06 20:07:25.000,1.0,0.0
2016-06-06 20:07:25.100,1.0,0.0
2016-06-06 20:07:25.200,1.0,0.0
2016-06-06 20:07:25.300,1.0,0.0
2016-06-06 20:07:25.400,1.0,0.0
2016-06-06 20:07:25.500,1.0,0.0
2016-06-06 20:07:25.600,1.0,0.0
2016-06-06 20:07:25.700,1.0,0.0
2016-06-06 20:07:25.800,1.0,0.0
2016-06-06 20:07:25.900,1.0,0.0
2016-06-06 20:07:26.000,1.0,0.0
2016-06-06 20:07:26.100,1.0,0.0
2016-06-06 20:07:26.200,1.0,0.0
2016-06-06 20:07:26.300,1.0,0.0
2016-06-06 20:07:26.400,1.0,0.0
2016-06-06 20:07:26.500,1.0,0.0
2016-06-06 20:07:26.600,1.0,0.0
2016-06-06 20:07:26.700,1.0,0.0
2016-06-06 20:07:26.800,1.0,0.0
2016-06-06 20:07:26.900,1.0,0.0
2016-06-06 20:07:27.000,1.0,0.0
2016-06-06 20:07:27.100,1.0,0.0
2016-06-06 20:07:27.200,1.0,0.0
2016-06-06 20:07:27.300,1.0,0.0
2016-06-06 20:07:27.400,1.0,0.0
2016-06-06 20:07:27.500,1.0,0.0
2016-06-06 20:07:27.600,1.0,0.0
2016-06-06 20:07:27.700,1.0,0.0
2016-06-06 20:07:27.800,1.0,0.0
2016-06-06 20:07:27.900,1.0,0.0
2016-06-06 20:07:28.000,1.0,0.0
2016-06-06 20:07:28.100,1.0,0.0
2016-06-06 20:07:28.200,1.0,0.0
2016-06-06 20:07:28.300,0.0,2.0
2016-06-06 20:07:28.400,0.0,2.0
2016-06-06 20:07:28.500,0.0,2.0
2016-06-06 20:07:28.600,0.0,2.0
2016-06-06 20:07:28.700,0.0,2.0
2016-06-06 20:07:28.800,0.0,2.0
2016-06-06 20:07:28.900,0.0,2.0
2016-06-06 20:07:29.000,0.0,2.0
2016-06-06 20:07:29.100,0.0,2.0
2016-06-06 20:07:29.200,0.0,2.0
2016-06-06 20:07:29.300,0.0,2.0
2016-06-06 20:07:29.400,0.0,2.0
2016-06-06 20:07:29.500,0.0,2.0
2016-06-06 20:07:29.600,0.0,2.0
2016-06-06 20:07:29.700,0.0,2.0
2016-06-06 20:07:29.800,0.0,2.0
2016-06-06 20:07:29.900,0.0,2.0
2016-06-06 20:07:30.000,0.0,2.0
2016-06-06 20:07:30.100,0.0,2.0
2016-06-06 20:07:30.200,0.0,2.0
2016-06-06 20:07:30.300,0.0,2.0
2016-06-06 20:07:30.400,0.0,2.0
2016-06-06 20:07:30.500,0.0,2.0
2016-06-06 20:07:30.600,0.0,2.0
2016-06-06 20:07:30.700,0.0,2.0
2016-06-06 20:07:30.800,0.0,2.0
2016-06-06 20:07:30.900,0.0,2.0
2016-06-06 20:07:31.000,0.0,2.0
2016-06-06 20:07:31.100,0.0,2.0
2016-06-06 20:07:31.200,0.0,2.0
2016-06-06 20:07:31.300,0.0,2.0
2016-06-06 20:07:31.400,0.0,2.0
2016-06-06 20:07:31.500,0.0,2.0
2016-06-06 20:07:31.600,0.0,2.0
2016-06-06 20:07:31.700,0.0,2.0
2016-06-06 20:07:31.800,0.0,2.0
2016-06-06 20:07:31.900,0.0,2.0
2016-06-06 20:07:32.000,0.0,2.0
2016-06-06 20:07:32.100,0.0,2.0
2016-06-06 20:07:32.200,0.0,2.0
2016-06-06 20:07:32.300,0.0,2.0
2016-06-06 20:07:32.400,0.0,2.0
2016-06-06 20:07:32.500,0.0,2.0
2016-06-06 20:07:32.600,0.0,2.0
2016-06-06 20:07:32.700,0.0,2.0
2016-06-06 20:07:32.800,0.0,2.0
2016-06-06 20:07:32.900,2.0,2.0
2016-06-06 20:07:33.000,2.0,2.0
2016-06-06 20:07:33.100,2.0,2.0
2016-06-06 20:07:33.200,2.0,2.0
2016-06-06 20:07:33.300,2.0,2.0
2016-06-06 20:07:33.400,2.0,2.0
2016-06-06 20:07:33.500,2.0,2.0
2016-06-06 20:07:33.600,2.0,2.0
2016-06-06 20:07:33.700,2.0,2.0
2016-06-06 20:07:33.800,2.0,2.0
2016-06-06 20:07:33.900,2.0,2.0
2016-06-06 20:07:34.000,2.0,2.0
2016-06-06 20:07:34.100,2.0,2.0
2016-06-06 20:07:34.200,2.0,2.0
2016-06-06 20:07:34.300,2.0,2.0
2016-06-06 20:07:34.400,2.0,2.0
2016-06-06 20:07:34.500,2.0,2.0
2016-06-06 20:07:34.600,2.0,2.0
2016-06-06 20:07:34.700,2.0,2.0
2016-06-06 20:07:34.800,2.0,2.0
2016-06-06 20:07:34.900,2.0,2.0
2016-06-06 20:07:35.000,2.0,2.0
2016-06-06 20:07:35.100,2.0,2.0
2016-06-06 20:07:35.200,2.0,2.0
2016-06-06 20:07:35.300,2.0,2.0
2016-06-06 20:07:35.400,2.0,2.0
2016-06-06 20:07:35.500,2.0,2.0
2016-06-06 20:07:35.600,2.0,2.0
2016-06-06 20:07:35.700,2.0,2.0
2016-06-06 20:07:35.800,2.0,2.0
2016-06-06 20:07:35.900,2.0,2.0
2016-06-06 20:07:36.000,2.0,2.0
2016-06-06 20:07:36.100,2.0,2.0
2016-06-06 20:07:36.200,2.0,2.0
2016-06-06 20:07:36.300,2.0,2.0
2016-06-06 20:07:36.400,2.0,2.0
2016-06-06 20:07:36.500,2.0,2.0
2016-06-06 20:07:36.600,2.0,2.0
2016-06-06 20:07:36.700,2.0,2.0
2016-06-06 20:07:36.800,2.0,2.0
2016-06-06 20:07:36.900,2.0,2.0
2016-06-06 20:07:37.000,2.0,2.0
2016-06-06 20:07:37.100,2.0,2.0
2016-06-06 20:07:37.200,2.0,2.0
2016-06-06 20:07:37.300,2.0,2.0
2016-06-06 20:07:37.400,2.0,2.0
2016-06-06 20:07:37.500,2.0,2.0
2016-06-06 20:07:37.600,2.0,2.0
2016-06-06 20:07:37.700,2.0,2.0
2016-06-06 20:07:37.800,2.0,2.0
2016-06-06 20:07:37.900,2.0,2.0
2016-06-06 20:07:38.000,2.0,2.0
2016-06-06 20:07:38.100,2.0,2.0
2016-06-06 20:07:38.200,2.0,2.0
2016-06-06 20:07:38.300,2.0,2.0
2016-06-06 20:07:38.400,2.0,2.0
2016-06-06 20:07:38.500,2.0,2.0
2016-06-06 20:07:38.600,2.0,2.0
2016-06-06 20:07:38.700,2.0,2.0
2016-06-06 20:07:38.800,2.0,2.0
2016-06-06 20:07:38.900,2.0,2.0
2016-06-06 20:07:39.000,2.0,2.0
2016-06-06 20:07:39.100,2.0,2.0
2016-06-06 20:07:39.200,2.0,2.0
2016-06-06 20:07:39.300,2.0,2.0
2016-06-06 20:07:39.400,2.0,2.0
2016-06-06 20:07:39.500,2.0,2.0
2016-06-06 20:07:39.600,2.0,2.0
2016-06-06 20:07:39.700,2.0,2.0
2016-06-06 20:07:39.800,2.0,2.0
2016-06-06 20:07:39.900,2.0,2.0
2016-06-06 20:07:40.000,2.0,2.0
2016-06-06 20:07:40.100,2.0,2.0
2016-06-06 20:07:40.200,2.0,2.0
2016-06-06 20:07:40.300,2.0,2.0
2016-06-06 20:07:40.400,2.0,2.0
2016-06-06 20:07:40.500,2.0,2.0
2016-06-06 20:07:40.600,2.0,2.0
2016-06-06 20:07:40.700,2.0,2.0
2016-06-06 20:07:40.800,2.0,2.0
2016-06-06 20:07:40.900,2.0,2.0
2016-06-06 20:07:41.000,2.0,2.0
2016-06-06 20:07:41.100,2.0,2.0
2016-06-06 20:07:41.200,2.0,2.0
2016-06-06 20:07:41.300,2.0,2.0
2016-06-06 20:07:41.400,2.0,2.0
2016-06-06 20:07:41.500,2.0,2.0
2016-06-06 20:07:41.600,2.0,2.0
2016-06-06 20:07:41.700,2.0,2.0
2016-06-06 20:07:41.800,2.0,2.0
2016-06-06 20:07:41.900,2.0,2.0
2016-06-06 20:07:42.000,2.0,2.0
2016-06-06 20:07:42.100,2.0,2.0
2016-06-06 20:07:42.200,2.0,2.0
2016-06-06 20:07:42.300,2.0,2.0
2016-06-06 20:07:42.400,2.0,2.0
2016-06-06 20:07:42.500,2.0,2.0
2016-06-06 20:07:42.600,2.0,2.0
2016-06-06 20:07:42.700,2.0,2.0
2016-06-06 20:07:42.800,2.0,2.0
2016-06-06 20:07:42.900,2.0,2.0
2016-06-06 20:07:43.000,2.0,2.0
2016-06-06 20:07:43.100,2.0,2.0
2016-06-06 20:07:43.200,2.0,2.0
2016-06-06 20:07:43.300,2.0,2.0
2016-06-06 20:07:43.400,2.0,2.0
2016-06-06 20:07:43.500,2.0,2.0
2016-06-06 20:07:43.600,2.0,2.0
2016-06-06 20:07:43.700,2.0,2.0
2016-06-06 20:07:43.800,2.0,2.0
2016-06-06 20:07:43.900,2.0,2.0
2016-06-06 20:07:44.000,2.0,2.0
2016-06-06 20:07:44.100,2.0,2.0
2016-06-06 20:07:44.200,2.0,2.0
2016-06-06 20:07:44.300,2.0,2.0
2016-06-06 20:07:44.400,2.0,2.0
2016-06-06 20:07:44.500,2.0,2.0
2016-06-06 20:07:44.600,2.0,2.0
2016-06-06 20:07:44.700,2.0,2.0
2016-06-06 20:07:44.800,2.0,2.0
2016-06-06 20:07:44.900,2.0,2.0
2016-06-06 20:07:45.000,2.0,2.0
2016-06-06 20:07:45.100,2.0,2.0
2016-06-06 20:07:45.200,2.0,2.0
2016-06-06 20:07:45.300,2.0,2.0
2016-06-06 20:07:45.400,2.0,2.0
2016-06-06 20:07:45.500,2.0,2.0
2016-06-06 20:07:45.600,2.0,2.0
2016-06-06 20:07:45.700,2.0,2.0
2016-06-06 20:07:45.800,0.0,2.0
2016-06-06 20:07:45.900,0.0,2.0
2016-06-06 20:07:46.000,0.0,2.0
2016-06-06 20:07:46.100,0.0,2.0
2016-06-06 20:07:46.200,0.0,2.0
2016-06-06 20:07:46.300,0.0,2.0
2016-06-06 20:07:46.400,0.0,2.0
2016-06-06 20:07:46.500,0.0,2.0
2016-06-06 20:07:46.600,0.0,2.0
2016-06-06 20:07:46.700,0.0,2.0
2016-06-06 20:07:46.800,0.0,2.0
2016-06-06 20:07:46.900,0.0,2.0
2016-06-06 20:07:47.000,0.0,2.0
2016-06-06 20:07:47.100,0.0,2.0
2016-06-06 20:07:47.200,0.0,2.0
2016-06-06 20:07:47.300,0.0,2.0
2016-06-06 20:07:47.400,0.0,2.0
2016-06-06 20:07:47.500,0.0,2.0
2016-06-06 20:07:47.600,0.0,2.0
2016-06-06 20:07:47.700,0.0,2.0
2016-06-06 20:07:47.800,0.0,2.0
2016-06-06 20:07:47.900,0.0,2.0
2016-06-06 20:07:48.000,0.0,2.0
2016-06-06 20:07:48.100,0.0,2.0
2016-06-06 20:07:48.200,0.0,2.0
2016-06-06 20:07:48.300,0.0,0.0
2016-06-06 20:07:48.400,0.0,0.0
2016-06-06 20:07:48.500,0.0,0.0
2016-06-06 20:07:48.600,0.0,0.0
2016-06-06 20:07:48.700,0.0,0.0
2016-06-06 20:07:48.800,0.0,0.0
2016-06-06 20:07:48.900,0.0,0.0
2016-06-06 20:07:49.000,0.0,0.0
2016-06-06 20:07:49.100,0.0,0.0
2016-06-06 20:07:49.200,0.0,0.0
2016-06-06 20:07:49.300,0.0,0.0
2016-06-06 20:07:49.400,0.0,0.0
2016-06-06 20:07:49.500,0.0,0.0
2016-06-06 20:07:49.600,0.0,0.0
2016-06-06 20:07:49.700,0.0,0.0
2016-06-06 20:07:49.800,0.0,0.0
2016-06-06 20:07:49.900,0.0,0.0
2016-06-06 20:07:50.000,0.0,0.0
2016-06-06 20:07:50.100,0.0,0.0
2016-06-06 20:07:50.200,0.0,0.0
2016-06-06 20:07:50.300,0.0,0.0
2016-06-06 20:07:50.400,0.0,0.0
2016-06-06 20:07:50.500,0.0,0.0
2016-06-06 20:07:50.600,0.0,0.0
2016-06-06 20:07:50.700,0.0,0.0
2016-06-06 20:07:50.800,0.0,0.0
2016-06-06 20:07:50.900,0.0,0.0
2016-06-06 20:07:51.000,0.0,0.0
2016-06-06 20:07:51.100,0.0,0.0
2016-06-06 20:07:51.200,0.0,0.0
2016-06-06 20:07:51.300,0.0,0.0
2016-06-06 20:07:51.400,0.0,0.0
2016-06-06 20:07:51.500,0.0,0.0
2016-06-06 20:07:51.600,0.0,0.0
2016-06-06 20:07:51.700,0.0,0.0
2016-06-06 20:07:51.800,0.0,0.0
2016-06-06 20:07:51.900,0.0,0.0
2016-06-06 20:07:52.000,0.0,0.0
2016-06-06 20:07:52.100,0.0,0.0
2016-06-06 20:07:52.200,0.0,0.0
2016-06-06 20:07:52.300,0.0,0.0
2016-06-06 20:07:52.400,0.0,0.0
2016-06-06 20:07:52.500,0.0,0.0
2016-06-06 20:07:52.600,0.0,0.0
2016-06-06 20:07:52.700,0.0,0.0
2016-06-06 20:07:52.800,0.0,0.0
2016-06-06 20:07:52.900,0.0,0.0
2016-06-06 20:07:53.000,0.0,0.0
2016-06-06 20:07:53.100,0.0,0.0
2016-06-06 20:07:53.200,0.0,0.0
2016-06-06 20:07:53.300,0.0,0.0
2016-06-06 20:07:53.400,0.0,0.0
2016-06-06 20:07:53.500,0.0,0.0
2016-06-06 20:07:53.600,0.0,0.0
2016-06-06 20:07:53.700,0.0,0.0
2016-06-06 20:07:53.800,0.0,0.0
2016-06-06 20:07:53.900,0.0,0.0
2016-06-06 20:07:54.000,0.0,0.0
2016-06-06 20:07:54.100,0.0,0.0
2016-06-06 20:07:54.200,0.0,0.0
2016-06-06 20:07:54.300,0.0,0.0
2016-06-06 20:07:54.400,0.0,0.0
2016-06-06 20:07:54.500,0.0,0.0
2016-06-06 20:07:54.600,0.0,0.0
2016-06-06 20:07:54.700,0.0,0.0
2016-06-06 20:07:54.800,0.0,0.0
2016-06-06 20:07:54.900,0.0,0.0
2016-06-06 20:07:55.000,0.0,0.0
2016-06-06 20:07:55.100,0.0,0.0
2016-06-06 20:07:55.200,0.0,0.0
2016-06-06 20:07:55.300,0.0,0.0
2016-06-06 20:07:55.400,0.0,0.0
2016-06-06 20:07:55.500,0.0,0.0
2016-06-06 20:07:55.600,0.0,0.0
2016-06-06 20:07:55.700,0.0,0.0
2016-06-06 20:07:55.800,0.0,0.0
2016-06-06 20:07:55.900,0.0,0.0
2016-06-06 20:07:56.000,0.0,0.0
2016-06-06 20:07:56.100,0.0,0.0
2016-06-06 20:07:56.200,0.0,0.0
2016-06-06 20:07:56.300,0.0,0.0
2016-06-06 20:07:56.400,0.0,0.0
2016-06-06 20:07:56.500,0.0,0.0
2016-06-06 20:07:56.600,0.0,0.0
2016-06-06 20:07:56.700,0.0,0.0
2016-06-06 20:07:56.800,0.0,0.0
2016-06-06 20:07:56.900,0.0,0.0
2016-06-06 20:07:57.000,0.0,0.0
2016-06-06 20:07:57.100,0.0,0.0
2016-06-06 20:07:57.200,0.0,0.0
2016-06-06 20:07:57.300,0.0,0.0
2016-06-06 20:07:57.400,0.0,0.0
2016-06-06 20:07:57.500,0.0,0.0
2016-06-06 20:07:57.600,0.0,0.0
2016-06-06 20:07:57.700,0.0,0.0
2016-06-06 20:07:57.800,0.0,0.0
2016-06-06 20:07:57.900,0.0,0.0
2016-06-06 20:07:58.000,0.0,0.0
2016-06-06 20:07:58.100,0.0,0.0
2016-06-06 20:07:58.200,0.0,0.0
2016-06-06 20:07:58.300,0.0,0.0
2016-06-06 20:07:58.400,0.0,0.0
2016-06-06 20:07:58.500,0.0,0.0
2016-06-06 20:07:58.600,0.0,0.0
2016-06-06 20:07:58.700,0.0,0.0
2016-06-06 20:07:58.800,0.0,0.0
2016-06-06 20:07:58.900,0.0,0.0
2016-06-06 20:07:59.000,0.0,0.0
2016-06-06 20:07:59.100,0.0,0.0
2016-06-06 20:07:59.200,0.0,0.0
2016-06-06 20:07:59.300,0.0,0.0
2016-06-06 20:07:59.400,0.0,0.0
2016-06-06 20:07:59.500,0.0,0.0
2016-06-06 20:07:59.600,0.0,0.0
2016-06-06 20:07:59.700,0.0,0.0
2016-06-06 20:07:59.800,0.0,0.0
2016-06-06 20:07:59.900,0.0,0.0
2016-06-06 20:08:00.000,0.0,0.0
2016-06-06 20:08:00.100,0.0,0.0
2016-06-06 20:08:00.200,0.0,0.0
2016-06-06 20:08:00.300,0.0,0.0
2016-06-06 20:08:00.400,0.0,0.0
2016-06-06 20:08:00.500,0.0,0.0
2016-06-06 20:08:00.600,0.0,0.0
2016-06-06 20:08:00.700,0.0,0.0
2016-06-06 20:08:00.800,0.0,0.0
2016-06-06 20:08:00.900,0.0,0.0
2016-06-06 20:08:01.000,0.0,0.0
2016-06-06 20:08:01.100,0.0,0.0
2016-06-06 20:08:01.200,0.0,0.0
2016-06-06 20:08:01.300,0.0,0.0
2016-06-06 20:08:01.400,0.0,0.0
2016-06-06 20:08:01.500,0.0,0.0
2016-06-06 20:08:01.600,0.0,0.0
2016-06-06 20:08:01.700,0.0,0.0
2016-06-06 20:08:01.800,0.0,0.0
2016-06-06 20:08:01.900,0.0,0.0
2016-06-06 20:08:02.000,0.0,0.0
2016-06-06 20:08:02.100,0.0,0.0
2016-06-06 20:08:02.200,0.0,0.0
2016-06-06 20:08:02.300,0.0,0.0
2016-06-06 20:08:02.400,0.0,0.0
2016-06-06 20:08:02.500,0.0,0.0
2016-06-06 20:08:02.600,0.0,0.0
2016-06-06 20:08:02.700,0.0,0.0
2016-06-06 20:08:02.800,0.0,0.0
2016-06-06 20:08:02.900,0.0,0.0
2016-06-06 20:08:03.000,0.0,0.0
2016-06-06 20:08:03.100,0.0,0.0
2016-06-06 20:08:03.200,0.0,0.0
2016-06-06 20:08:03.300,0.0,0.0
2016-06-06 20:08:03.400,0.0,0.0
2016-06-06 20:08:03.500,0.0,0.0
2016-06-06 20:08:03.600,0.0,0.0
2016-06-06 20:08:03.700,0.0,0.0
2016-06-06 20:08:03.800,0.0,0.0
2016-06-06 20:08:03.900,0.0,0.0
2016-06-06 20:08:04.000,0.0,0.0
2016-06-06 20:08:04.100,0.0,0.0
2016-06-06 20:08:04.200,0.0,0.0
2016-06-06 20:08:04.300,0.0,0.0
2016-06-06 20:08:04.400,0.0,0.0
2016-06-06 20:08:04.500,0.0,0.0
2016-06-06 20:08:04.600,0.0,0.0
2016-06-06 20:08:04.700,0.0,0.0
2016-06-06 20:08:04.800,0.0,0.0
2016-06-06 20:08:04.900,0.0,0.0
2016-06-06 20:08:05.000,0.0,0.0
2016-06-06 20:08:05.100,0.0,0.0
2016-06-06 20:08:05.200,0.0,0.0
2016-06-06 20:08:05.300,0.0,0.0
2016-06-06 20:08:05.400,0.0,0.0
2016-06-06 20:08:05.500,0.0,0.0
2016-06-06 20:08:05.600,0.0,0.0
2016-06-06 20:08:05.700,0.0,0.0
2016-06-06 20:08:05.800,0.0,0.0
2016-06-06 20:08:05.900,0.0,0.0
2016-06-06 20:08:06.000,0.0,0.0
2016-06-06 20:08:06.100,0.0,0.0
2016-06-06 20:08:06.200,0.0,0.0
2016-06-06 20:08:06.300,0.0,0.0
2016-06-06 20:08:06.400,0.0,0.0
2016-06-06 20:08:06.500,0.0,0.0
2016-06-06 20:08:06.600,0.0,0.0
2016-06-06 20:08:06.700,0.0,0.0
2016-06-06 20:08:06.800,0.0,0.0
2016-06-06 20:08:06.900,0.0,0.0
2016-06-06 20:08:07.000,0.0,0.0
2016-06-06 20:08:07.100,0.0,0.0
2016-06-06 20:08:07.200,0.0,0.0
2016-06-06 20:08:07.300,0.0,0.0
2016-06-06 20:08:07.400,0.0,0.0
2016-06-06 20:08:07.500,0.0,0.0
2016-06-06 20:08:07.600,0.0,0.0
2016-06-06 20:08:07.700,0.0,0.0
2016-06-06 20:08:07.800,0.0,0.0
2016-06-06 20:08:07.900,0.0,0.0
2016-06-06 20:08:08.000,0.0,0.0
2016-06-06 20:08:08.100,0.0,0.0
2016-06-06 20:08:08.200,0.0,0.0
2016-06-06 20:08:08.300,0.0,0.0
2016-06-06 20:08:08.400,0.0,0.0
2016-06-06 20:08:08.500,0.0,0.0
2016-06-06 20:08:08.600,0.0,0.0
2016-06-06 20:08:08.700,0.0,0.0
2016-06-06 20:08:08.800,0.0,0.0
2016-06-06 20:08:08.900,0.0,0.0
2016-06-06 20:08:09.000,0.0,0.0
2016-06-06 20:08:09.100,0.0,0.0
2016-06-06 20:08:09.200,0.0,0.0
2016-06-06 20:08:09.300,0.0,0.0
2016-06-06 20:08:09.400,0.0,0.0
2016-06-06 20:08:09.500,0.0,0.0
2016-06-06 20:08:09.600,0.0,0.0
2016-06-06 20:08:09.700,0.0,0.0
2016-06-06 20:08:09.800,0.0,0.0
2016-06-06 20:08:09.900,0.0,0.0
2016-06-06 20:08:10.000,0.0,0.0
2016-06-06 20:08:10.100,0.0,0.0
2016-06-06 20:08:10.200,0.0,0.0
2016-06-06 20:08:10.300,0.0,0.0
2016-06-06 20:08:10.400,0.0,0.0
2016-06-06 20:08:10.500,0.0,0.0
2016-06-06 20:08:10.600,0.0,0.0
2016-06-06 20:08:10.700,0.0,0.0
2016-06-06 20:08:10.800,0.0,0.0
2016-06-06 20:08:10.900,0.0,0.0
2016-06-06 20:08:11.000,0.0,0.0
2016-06-06 20:08:11.100,0.0,0.0
2016-06-06 20:08:11.200,0.0,0.0
2016-06-06 20:08:11.300,0.0,0.0
2016-06-06 20:08:11.400,0.0,0.0
2016-06-06 20:08:11.500,0.0,0.0
2016-06-06 20:08:11.600,0.0,0.0
2016-06-06 20:08:11.700,0.0,0.0
2016-06-06 20:08:11.800,0.0,0.0
2016-06-06 20:08:11.900,0.0,0.0
2016-06-06 20:08:12.000,0.0,0.0
2016-06-06 20:08:12.100,0.0,0.0
2016-06-06 20:08:12.200,0.0,0.0
2016-06-06 20:08:12.300,0.0,0.0
2016-06-06 20:08:12.400,0.0,0.0
2016-06-06 20:08:12.500,0.0,0.0
2016-06-06 20:08:12.600,0.0,0.0
2016-06-06 20:08:12.700,0.0,0.0
2016-06-06 20:08:12.800,0.0,0.0
2016-06-06 20:08:12.900,0.0,0.0
2016-06-06 20:08:13.000,0.0,0.0
2016-06-06 20:08:13.100,0.0,0.0
2016-06-06 20:08:13.200,0.0,0.0
2016-06-06 20:08:13.300,0.0,0.0
2016-06-06 20:08:13.400,0.0,0.0
2016-06-06 20:08:13.500,0.0,0.0
2016-06-06 20:08:13.600,0.0,0.0
2016-06-06 20:08:13.700,0.0,0.0
2016-06-06 20:08:13.800,0.0,0.0
2016-06-06 20:08:13.900,0.0,0.0
2016-06-06 20:08:14.000,0.0,0.0
2016-06-06 20:08:14.100,0.0,0.0
2016-06-06 20:08:14.200,0.0,0.0
2016-06-06 20:08:14.300,0.0,0.0
2016-06-06 20:08:14.400,0.0,0.0
2016-06-06 20:08:14.500,0.0,0.0
2016-06-06 20:08:14.600,0.0,0.0
2016-06-06 20:08:14.700,0.0,0.0
2016-06-06 20:08:14.800,0.0,0.0
2016-06-06 20:08:14.900,0.0,0.0
2016-06-06 20:08:15.000,0.0,0.0
2016-06-06 20:08:15.100,0.0,0.0
2016-06-06 20:08:15.200,0.0,0.0
2016-06-06 20:08:15.300,0.0,0.0
2016-06-06 20:08:15.400,0.0,0.0
2016-06-06 20:08:15.500,0.0,0.0
2016-06-06 20:08:15.600,0.0,0.0
2016-06-06 20:08:15.700,0.0,0.0
2016-06-06 20:08:15.800,0.0,0.0
2016-06-06 20:08:15.900,0.0,0.0
2016-06-06 20:08:16.000,0.0,0.0
2016-06-06 20:08:16.100,0.0,0.0
2016-06-06 20:08:16.200,0.0,0.0
2016-06-06 20:08:16.300,0.0,0.0
2016-06-06 20:08:16.400,0.0,0.0
2016-06-06 20:08:16.500,0.0,0.0
2016-06-06 20:08:16.600,0.0,0.0
2016-06-06 20:08:16.700,0.0,0.0
2016-06-06 20:08:16.800,0.0,0.0
2016-06-06 20:08:16.900,0.0,0.0
2016-06-06 20:08:17.000,0.0,0.0
2016-06-06 20:08:17.100,0.0,0.0
2016-06-06 20:08:17.200,0.0,0.0
2016-06-06 20:08:17.300,0.0,0.0
2016-06-06 20:08:17.400,0.0,0.0
2016-06-06 20:08:17.500,0.0,0.0
2016-06-06 20:08:17.600,0.0,0.0
2016-06-06 20:08:17.700,0.0,0.0
2016-06-06 20:08:17.800,0.0,0.0
2016-06-06 20:08:17.900,0.0,0.0
2016-06-06 20:08:18.000,0.0,0.0
2016-06-06 20:08:18.100,0.0,0.0
2016-06-06 20:08:18.200,0.0,0.0
2016-06-06 20:08:18.300,1.0,0.0
2016-06-06 20:08:18.400,1.0,0.0
2016-06-06 20:08:18.500,1.0,0.0
2016-06-06 20:08:18.600,1.0,0.0
2016-06-06 20:08:18.700,1.0,0.0
2016-06-06 20:08:18.800,1.0,0.0
2016-06-06 20:08:18.900,1.0,0.0
2016-06-06 20:08:19.000,1.0,0.0
2016-06-06 20:08:19.100,1.0,0.0
2016-06-06 20:08:19.200,1.0,0.0
2016-06-06 20:08:19.300,1.0,0.0
2016-06-06 20:08:19.400,1.0,0.0
2016-06-06 20:08:19.500,1.0,0.0
2016-06-06 20:08:19.600,1.0,0.0
2016-06-06 20:08:19.700,1.0,0.0
2016-06-06 20:08:19.800,1.0,0.0
2016-06-06 20:08:19.900,1.0,0.0
2016-06-06 20:08:20.000,1.0,0.0
2016-06-06 20:08:20.100,1.0,0.0
2016-06-06 20:08:20.200,1.0,0.0
2016-06-06 20:08:20.300,1.0,0.0
2016-06-06 20:08:20.400,1.0,0.0
2016-06-06 20:08:20.500,1.0,0.0
2016-06-06 20:08:20.600,1.0,0.0
2016-06-06 20:08:20.700,1.0,0.0
2016-06-06 20:08:20.800,1.0,0.0
2016-06-06 20:08:20.900,1.0,0.0
2016-06-06 20:08:21.000,1.0,0.0
2016-06-06 20:08:21.100,1.0,0.0
2016-06-06 20:08:21.200,1.0,0.0
2016-06-06 20:08:21.300,1.0,0.0
2016-06-06 20:08:21.400,1.0,0.0
2016-06-06 20:08:21.500,1.0,0.0
2016-06-06 20:08:21.600,1.0,0.0
2016-06-06 20:08:21.700,1.0,0.0
2016-06-06 20:08:21.800,1.0,0.0
2016-06-06 20:08:21.900,1.0,0.0
2016-06-06 20:08:22.000,1.0,0.0
2016-06-06 20:08:22.100,1.0,0.0
2016-06-06 20:08:22.200,1.0,0.0
2016-06-06 20:08:22.300,1.0,0.0
2016-06-06 20:08:22.400,1.0,0.0
2016-06-06 20:08:22.500,1.0,0.0
2016-06-06 20:08:22.600,1.0,0.0
2016-06-06 20:08:22.700,1.0,0.0
2016-06-06 20:08:22.800,1.0,0.0
2016-06-06 20:08:22.900,1.0,0.0
2016-06-06 20:08:23.000,1.0,0.0
2016-06-06 20:08:23.100,1.0,0.0
2016-06-06 20:08:23.200,1.0,0.0
2016-06-06 20:08:23.300,0.0,2.0
2016-06-06 20:08:23.400,0.0,2.0
2016-06-06 20:08:23.500,0.0,2.0
2016-06-06 20:08:23.600,0.0,2.0
2016-06-06 20:08:23.700,0.0,2.0
2016-06-06 20:08:23.800,1.0,1.0
2016-06-06 20:08:23.900,1.0,1.0
2016-06-06 20:08:24.000,1.0,1.0
2016-06-06 20:08:24.100,1.0,1.0
2016-06-06 20:08:24.200,1.0,1.0
2016-06-06 20:08:24.300,1.0,1.0
2016-06-06 20:08:24.400,1.0,1.0
2016-06-06 20:08:24.500,1.0,1.0
2016-06-06 20:08:24.600,1.0,1.0
2016-06-06 20:08:24.700,1.0,1.0
2016-06-06 20:08:24.800,1.0,1.0
2016-06-06 20:08:24.900,1.0,1.0
2016-06-06 20:08:25.000,1.0,1.0
2016-06-06 20:08:25.100,1.0,1.0
2016-06-06 20:08:25.200,1.0,1.0
2016-06-06 20:08:25.300,1.0,1.0
2016-06-06 20:08:25.400,1.0,1.0
2016-06-06 20:08:25.500,1.0,1.0
2016-06-06 20:08:25.600,1.0,1.0
2016-06-06 20:08:25.700,1.0,1.0
2016-06-06 20:08:25.800,1.0,1.0
2016-06-06 20:08:25.900,1.0,1.0
2016-06-06 20:08:26.000,1.0,1.0
2016-06-06 20:08:26.100,1.0,1.0
2016-06-06 20:08:26.200,1.0,1.0
2016-06-06 20:08:26.300,1.0,1.0
2016-06-06 20:08:26.400,1.0,1.0
2016-06-06 20:08:26.500,1.0,1.0
2016-06-06 20:08:26.600,1.0,1.0
2016-06-06 20:08:26.700,1.0,1.0
2016-06-06 20:08:26.800,1.0,1.0
2016-06-06 20:08:26.900,1.0,1.0
2016-06-06 20:08:27.000,1.0,1.0
2016-06-06 20:08:27.100,1.0,1.0
2016-06-06 20:08:27.200,1.0,1.0
2016-06-06 20:08:27.300,1.0,1.0
2016-06-06 20:08:27.400,1.0,1.0
2016-06-06 20:08:27.500,1.0,1.0
2016-06-06 20:08:27.600,1.0,1.0
2016-06-06 20:08:27.700,1.0,1.0
2016-06-06 20:08:27.800,1.0,1.0
2016-06-06 20:08:27.900,1.0,1.0
2016-06-06 20:08:28.000,1.0,1.0
2016-06-06 20:08:28.100,1.0,1.0
2016-06-06 20:08:28.200,1.0,1.0
2016-06-06 20:08:28.300,1.0,1.0
2016-06-06 20:08:28.400,1.0,1.0
2016-06-06 20:08:28.500,1.0,1.0
2016-06-06 20:08:28.600,1.0,1.0
2016-06-06 20:08:28.700,1.0,1.0
2016-06-06 20:08:28.800,0.0,2.0
2016-06-06 20:08:28.900,2.0,2.0
2016-06-06 20:08:29.000,2.0,2.0
2016-06-06 20:08:29.100,2.0,2.0
2016-06-06 20:08:29.200,2.0,2.0
2016-06-06 20:08:29.300,2.0,2.0
2016-06-06 20:08:29.400,2.0,2.0
2016-06-06 20:08:29.500,2.0,2.0
2016-06-06 20:08:29.600,2.0,2.0
2016-06-06 20:08:29.700,2.0,2.0
2016-06-06 20:08:29.800,2.0,2.0
2016-06-06 20:08:29.900,2.0,2.0
2016-06-06 20:08:30.000,2.0,2.0
2016-06-06 20:08:30.100,2.0,2.0
2016-06-06 20:08:30.200,2.0,2.0
2016-06-06 20:08:30.300,2.0,2.0
2016-06-06 20:08:30.400,2.0,2.0
2016-06-06 20:08:30.500,2.0,2.0
2016-06-06 20:08:30.600,2.0,2.0
2016-06-06 20:08:30.700,2.0,2.0
2016-06-06 20:08:30.800,2.0,2.0
2016-06-06 20:08:30.900,2.0,2.0
2016-06-06 20:08:31.000,2.0,2.0
2016-06-06 20:08:31.100,2.0,2.0
2016-06-06 20:08:31.200,2.0,2.0
2016-06-06 20:08:31.300,2.0,2.0
2016-06-06 20:08:31.400,2.0,2.0
2016-06-06 20:08:31.500,2.0,2.0
2016-06-06 20:08:31.600,2.0,2.0
2016-06-06 20:08:31.700,2.0,2.0
2016-06-06 20:08:31.800,2.0,2.0
2016-06-06 20:08:31.900,2.0,2.0
2016-06-06 20:08:32.000,2.0,2.0
2016-06-06 20:08:32.100,2.0,2.0
2016-06-06 20:08:32.200,2.0,2.0
2016-06-06 20:08:32.300,2.0,2.0
2016-06-06 20:08:32.400,2.0,2.0
2016-06-06 20:08:32.500,2.0,2.0
2016-06-06 20:08:32.600,2.0,2.0
2016-06-06 20:08:32.700,2.0,2.0
2016-06-06 20:08:32.800,2.0,2.0
2016-06-06 20:08:32.900,2.0,2.0
2016-06-06 20:08:33.000,2.0,2.0
2016-06-06 20:08:33.100,2.0,2.0
2016-06-06 20:08:33.200,2.0,2.0
2016-06-06 20:08:33.300,2.0,2.0
2016-06-06 20:08:33.400,2.0,2.0
2016-06-06 20:08:33.500,2.0,2.0
2016-06-06 20:08:33.600,2.0,2.0
2016-06-06 20:08:33.700,2.0,2.0
2016-06-06 20:08:33.800,2.0,2.0
2016-06-06 20:08:33.900,2.0,2.0
2016-06-06 20:08:34.000,2.0,2.0
2016-06-06 20:08:34.100,2.0,2.0
2016-06-06 20:08:34.200,2.0,2.0
2016-06-06 20:08:34.300,2.0,2.0
2016-06-06 20:08:34.400,2.0,2.0
2016-06-06 20:08:34.500,2.0,2.0
2016-06-06 20:08:34.600,2.0,2.0
2016-06-06 20:08:34.700,2.0,2.0
2016-06-06 20:08:34.800,2.0,2.0
2016-06-06 20:08:34.900,2.0,2.0
2016-06-06 20:08:35.000,2.0,2.0
2016-06-06 20:08:35.100,2.0,2.0
2016-06-06 20:08:35.200,2.0,2.0
2016-06-06 20:08:35.300,2.0,2.0
2016-06-06 20:08:35.400,2.0,2.0
2016-06-06 20:08:35.500,2.0,2.0
2016-06-06 20:08:35.600,2.0,2.0
2016-06-06 20:08:35.700,2.0,2.0
2016-06-06 20:08:35.800,2.0,2.0
2016-06-06 20:08:35.900,2.0,2.0
2016-06-06 20:08:36.000,2.0,2.0
2016-06-06 20:08:36.100,2.0,2.0
2016-06-06 20:08:36.200,2.0,2.0
2016-06-06 20:08:36.300,2.0,2.0
2016-06-06 20:08:36.400,2.0,2.0
2016-06-06 20:08:36.500,2.0,2.0
2016-06-06 20:08:36.600,2.0,2.0
2016-06-06 20:08:36.700,2.0,2.0
2016-06-06 20:08:36.800,2.0,2.0
2016-06-06 20:08:36.900,2.0,2.0
2016-06-06 20:08:37.000,2.0,2.0
2016-06-06 20:08:37.100,2.0,2.0
2016-06-06 20:08:37.200,2.0,2.0
2016-06-06 20:08:37.300,2.0,2.0
2016-06-06 20:08:37.400,2.0,2.0
2016-06-06 20:08:37.500,2.0,2.0
2016-06-06 20:08:37.600,2.0,2.0
2016-06-06 20:08:37.700,2.0,2.0
2016-06-06 20:08:37.800,2.0,2.0
2016-06-06 20:08:37.900,2.0,2.0
2016-06-06 20:08:38.000,2.0,2.0
2016-06-06 20:08:38.100,2.0,2.0
2016-06-06 20:08:38.200,2.0,2.0
2016-06-06 20:08:38.300,2.0,2.0
2016-06-06 20:08:38.400,2.0,2.0
2016-06-06 20:08:38.500,2.0,2.0
2016-06-06 20:08:38.600,2.0,2.0
2016-06-06 20:08:38.700,2.0,2.0
2016-06-06 20:08:38.800,2.0,2.0
2016-06-06 20:08:38.900,2.0,2.0
2016-06-06 20:08:39.000,2.0,2.0
2016-06-06 20:08:39.100,2.0,2.0
2016-06-06 20:08:39.200,2.0,2.0
2016-06-06 20:08:39.300,2.0,2.0
2016-06-06 20:08:39.400,2.0,2.0
2016-06-06 20:08:39.500,2.0,2.0
2016-06-06 20:08:39.600,2.0,2.0
2016-06-06 20:08:39.700,2.0,2.0
2016-06-06 20:08:39.800,2.0,2.0
2016-06-06 20:08:39.900,2.0,2.0
2016-06-06 20:08:40.000,2.0,2.0
2016-06-06 20:08:40.100,2.0,2.0
2016-06-06 20:08:40.200,2.0,2.0
2016-06-06 20:08:40.300,2.0,2.0
2016-06-06 20:08:40.400,2.0,2.0
2016-06-06 20:08:40.500,2.0,2.0
2016-06-06 20:08:40.600,2.0,2.0
2016-06-06 20:08:40.700,2.0,2.0
2016-06-06 20:08:40.800,2.0,2.0
2016-06-06 20:08:40.900,2.0,2.0
2016-06-06 20:08:41.000,2.0,2.0
2016-06-06 20:08:41.100,2.0,2.0
2016-06-06 20:08:41.200,2.0,2.0
2016-06-06 20:08:41.300,2.0,2.0
2016-06-06 20:08:41.400,2.0,2.0
2016-06-06 20:08:41.500,2.0,2.0
2016-06-06 20:08:41.600,2.0,2.0
2016-06-06 20:08:41.700,2.0,2.0
2016-06-06 20:08:41.800,2.0,2.0
2016-06-06 20:08:41.900,2.0,2.0
2016-06-06 20:08:42.000,2.0,2.0
2016-06-06 20:08:42.100,2.0,2.0
2016-06-06 20:08:42.200,2.0,2.0
2016-06-06 20:08:42.300,2.0,2.0
2016-06-06 20:08:42.400,2.0,2.0
2016-06-06 20:08:42.500,2.0,2.0
2016-06-06 20:08:42.600,2.0,2.0
2016-06-06 20:08:42.700,2.0,2.0
2016-06-06 20:08:42.800,2.0,2.0
2016-06-06 20:08:42.900,2.0,2.0
2016-06-06 20:08:43.000,2.0,2.0
2016-06-06 20:08:43.100,2.0,2.0
2016-06-06 20:08:43.200,2.0,2.0
2016-06-06 20:08:43.300,2.0,2.0
2016-06-06 20:08:43.400,2.0,2.0
2016-06-06 20:08:43.500,2.0,2.0
2016-06-06 20:08:43.600,2.0,2.0
2016-06-06 20:08:43.700,2.0,2.0
2016-06-06 20:08:43.800,2.0,2.0
2016-06-06 20:08:43.900,2.0,2.0
2016-06-06 20:08:44.000,2.0,2.0
2016-06-06 20:08:44.100,2.0,2.0
2016-06-06 20:08:44.200,2.0,2.0
2016-06-06 20:08:44.300,2.0,2.0
2016-06-06 20:08:44.400,2.0,2.0
2016-06-06 20:08:44.500,2.0,2.0
2016-06-06 20:08:44.600,2.0,2.0
2016-06-06 20:08:44.700,2.0,2.0
2016-06-06 20:08:44.800,2.0,2.0
2016-06-06 20:08:44.900,2.0,2.0
2016-06-06 20:08:45.000,2.0,2.0
2016-06-06 20:08:45.100,2.0,2.0
2016-06-06 20:08:45.200,2.0,2.0
2016-06-06 20:08:45.300,2.0,2.0
2016-06-06 20:08:45.400,2.0,2.0
2016-06-06 20:08:45.500,2.0,2.0
2016-06-06 20:08:45.600,2.0,2.0
2016-06-06 20:08:45.700,2.0,2.0
2016-06-06 20:08:45.800,2.0,2.0
2016-06-06 20:08:45.900,2.0,2.0
2016-06-06 20:08:46.000,2.0,2.0
2016-06-06 20:08:46.100,2.0,2.0
2016-06-06 20:08:46.200,2.0,2.0
2016-06-06 20:08:46.300,2.0,2.0
2016-06-06 20:08:46.400,2.0,2.0
2016-06-06 20:08:46.500,2.0,2.0
2016-06-06 20:08:46.600,2.0,2.0
2016-06-06 20:08:46.700,0.0,2.0
2016-06-06 20:08:46.800,0.0,2.0
2016-06-06 20:08:46.900,0.0,2.0
2016-06-06 20:08:47.000,0.0,2.0
2016-06-06 20:08:47.100,0.0,2.0
2016-06-06 20:08:47.200,0.0,2.0
2016-06-06 20:08:47.300,0.0,2.0
2016-06-06 20:08:47.400,0.0,2.0
2016-06-06 20:08:47.500,0.0,2.0
2016-06-06 20:08:47.600,0.0,2.0
2016-06-06 20:08:47.700,0.0,2.0
2016-06-06 20:08:47.800,0.0,2.0
2016-06-06 20:08:47.900,0.0,2.0
2016-06-06 20:08:48.000,0.0,2.0
2016-06-06 20:08:48.100,0.0,2.0
2016-06-06 20:08:48.200,0.0,2.0
2016-06-06 20:08:48.300,0.0,0.0
2016-06-06 20:08:48.400,0.0,0.0
2016-06-06 20:08:48.500,0.0,0.0
2016-06-06 20:08:48.600,0.0,0.0
2016-06-06 20:08:48.700,0.0,0.0
2016-06-06 20:08:48.800,0.0,0.0
2016-06-06 20:08:48.900,0.0,0.0
2016-06-06 20:08:49.000,0.0,0.0
2016-06-06 20:08:49.100,0.0,0.0
2016-06-06 20:08:49.200,0.0,0.0
2016-06-06 20:08:49.300,0.0,0.0
2016-06-06 20:08:49.400,0.0,0.0
2016-06-06 20:08:49.500,0.0,0.0
2016-06-06 20:08:49.600,0.0,0.0
2016-06-06 20:08:49.700,0.0,0.0
2016-06-06 20:08:49.800,0.0,0.0
2016-06-06 20:08:49.900,0.0,0.0
2016-06-06 20:08:50.000,0.0,0.0
2016-06-06 20:08:50.100,0.0,0.0
2016-06-06 20:08:50.200,0.0,0.0
2016-06-06 20:08:50.300,0.0,0.0
2016-06-06 20:08:50.400,0.0,0.0
2016-06-06 20:08:50.500,0.0,0.0
2016-06-06 20:08:50.600,0.0,0.0
2016-06-06 20:08:50.700,0.0,0.0
2016-06-06 20:08:50.800,0.0,0.0
2016-06-06 20:08:50.900,0.0,0.0
2016-06-06 20:08:51.000,0.0,0.0
2016-06-06 20:08:51.100,0.0,0.0
2016-06-06 20:08:51.200,0.0,0.0
2016-06-06 20:08:51.300,0.0,0.0
2016-06-06 20:08:51.400,0.0,0.0
2016-06-06 20:08:51.500,0.0,0.0
2016-06-06 20:08:51.600,0.0,0.0
2016-06-06 20:08:51.700,0.0,0.0
2016-06-06 20:08:51.800,0.0,0.0
2016-06-06 20:08:51.900,0.0,0.0
2016-06-06 20:08:52.000,0.0,0.0
2016-06-06 20:08:52.100,0.0,0.0
2016-06-06 20:08:52.200,0.0,0.0
2016-06-06 20:08:52.300,0.0,0.0
2016-06-06 20:08:52.400,0.0,0.0
2016-06-06 20:08:52.500,0.0,0.0
2016-06-06 20:08:52.600,0.0,0.0
2016-06-06 20:08:52.700,0.0,0.0
2016-06-06 20:08:52.800,0.0,0.0
2016-06-06 20:08:52.900,0.0,0.0
2016-06-06 20:08:53.000,0.0,0.0
2016-06-06 20:08:53.100,0.0,0.0
2016-06-06 20:08:53.200,0.0,0.0
2016-06-06 20:08:53.300,0.0,0.0
2016-06-06 20:08:53.400,0.0,0.0
2016-06-06 20:08:53.500,0.0,0.0
2016-06-06 20:08:53.600,0.0,0.0
2016-06-06 20:08:53.700,0.0,0.0
2016-06-06 20:08:53.800,0.0,0.0
2016-06-06 20:08:53.900,0.0,0.0
2016-06-06 20:08:54.000,0.0,0.0
2016-06-06 20:08:54.100,0.0,0.0
2016-06-06 20:08:54.200,0.0,0.0
2016-06-06 20:08:54.300,0.0,0.0
2016-06-06 20:08:54.400,0.0,0.0
2016-06-06 20:08:54.500,0.0,0.0
2016-06-06 20:08:54.600,0.0,0.0
2016-06-06 20:08:54.700,0.0,0.0
2016-06-06 20:08:54.800,0.0,0.0
2016-06-06 20:08:54.900,0.0,0.0
2016-06-06 20:08:55.000,0.0,0.0
2016-06-06 20:08:55.100,0.0,0.0
2016-06-06 20:08:55.200,0.0,0.0
2016-06-06 20:08:55.300,0.0,0.0
2016-06-06 20:08:55.400,0.0,0.0
2016-06-06 20:08:55.500,0.0,0.0
2016-06-06 20:08:55.600,0.0,0.0
2016-06-06 20:08:55.700,0.0,0.0
2016-06-06 20:08:55.800,0.0,0.0
2016-06-06 20:08:55.900,0.0,0.0
2016-06-06 20:08:56.000,0.0,0.0
2016-06-06 20:08:56.100,0.0,0.0
2016-06-06 20:08:56.200,0.0,0.0
2016-06-06 20:08:56.300,0.0,0.0
2016-06-06 20:08:56.400,0.0,0.0
2016-06-06 20:08:56.500,0.0,0.0
2016-06-06 20:08:56.600,0.0,0.0
2016-06-06 20:08:56.700,0.0,0.0
2016-06-06 20:08:56.800,0.0,0.0
2016-06-06 20:08:56.900,0.0,0.0
2016-06-06 20:08:57.000,0.0,0.0
2016-06-06 20:08:57.100,0.0,0.0
2016-06-06 20:08:57.200,0.0,0.0
2016-06-06 20:08:57.300,0.0,0.0
2016-06-06 20:08:57.400,0.0,0.0
2016-06-06 20:08:57.500,0.0,0.0
2016-06-06 20:08:57.600,0.0,0.0
2016-06-06 20:08:57.700,0.0,0.0
2016-06-06 20:08:57.800,0.0,0.0
2016-06-06 20:08:57.900,0.0,0.0
2016-06-06 20:08:58.000,0.0,0.0
2016-06-06 20:08:58.100,0.0,0.0
2016-06-06 20:08:58.200,0.0,0.0
2016-06-06 20:08:58.300,0.0,0.0
2016-06-06 20:08:58.400,0.0,0.0
2016-06-06 20:08:58.500,0.0,0.0
2016-06-06 20:08:58.600,0.0,0.0
2016-06-06 20:08:58.700,0.0,0.0
2016-06-06 20:08:58.800,0.0,0.0
2016-06-06 20:08:58.900,0.0,0.0
2016-06-06 20:08:59.000,0.0,0.0
2016-06-06 20:08:59.100,0.0,0.0
2016-06-06 20:08:59.200,0.0,0.0
2016-06-06 20:08:59.300,0.0,0.0
2016-06-06 20:08:59.400,0.0,0.0
2016-06-06 20:08:59.500,0.0,0.0
2016-06-06 20:08:59.600,0.0,0.0
2016-06-06 20:08:59.700,0.0,0.0
2016-06-06 20:08:59.800,0.0,0.0
2016-06-06 20:08:59.900,0.0,0.0
2016-06-06 20:09:00.000,0.0,0.0
2016-06-06 20:09:00.100,0.0,0.0
2016-06-06 20:09:00.200,0.0,0.0
2016-06-06 20:09:00.300,0.0,0.0
2016-06-06 20:09:00.400,0.0,0.0
2016-06-06 20:09:00.500,0.0,0.0
2016-06-06 20:09:00.600,0.0,0.0
2016-06-06 20:09:00.700,0.0,0.0
2016-06-06 20:09:00.800,0.0,0.0
2016-06-06 20:09:00.900,0.0,0.0
2016-06-06 20:09:01.000,0.0,0.0
2016-06-06 20:09:01.100,0.0,0.0
2016-06-06 20:09:01.200,0.0,0.0
2016-06-06 20:09:01.300,0.0,0.0
2016-06-06 20:09:01.400,0.0,0.0
2016-06-06 20:09:01.500,0.0,0.0
2016-06-06 20:09:01.600,0.0,0.0
2016-06-06 20:09:01.700,0.0,0.0
2016-06-06 20:09:01.800,0.0,0.0
2016-06-06 20:09:01.900,0.0,0.0
2016-06-06 20:09:02.000,0.0,0.0
2016-06-06 20:09:02.100,0.0,0.0
2016-06-06 20:09:02.200,0.0,0.0
2016-06-06 20:09:02.300,0.0,0.0
2016-06-06 20:09:02.400,0.0,0.0
2016-06-06 20:09:02.500,0.0,0.0
2016-06-06 20:09:02.600,0.0,0.0
2016-06-06 20:09:02.700,0.0,0.0
2016-06-06 20:09:02.800,0.0,0.0
2016-06-06 20:09:02.900,0.0,0.0
2016-06-06 20:09:03.000,0.0,0.0
2016-06-06 20:09:03.100,0.0,0.0
2016-06-06 20:09:03.200,0.0,0.0
2016-06-06 20:09:03.300,0.0,2.0
2016-06-06 20:09:03.400,0.0,2.0
2016-06-06 20:09:03.500,0.0,2.0
2016-06-06 20:09:03.600,0.0,2.0
2016-06-06 20:09:03.700,0.0,2.0
2016-06-06 20:09:03.800,0.0,2.0
2016-06-06 20:09:03.900,0.0,2.0
2016-06-06 20:09:04.000,0.0,2.0
2016-06-06 20:09:04.100,0.0,2.0
2016-06-06 20:09:04.200,0.0,2.0
2016-06-06 20:09:04.300,0.0,2.0
2016-06-06 20:09:04.400,0.0,2.0
2016-06-06 20:09:04.500,0.0,2.0
2016-06-06 20:09:04.600,0.0,2.0
2016-06-06 20:09:04.700,0.0,2.0
2016-06-06 20:09:04.800,0.0,2.0
2016-06-06 20:09:04.900,0.0,2.0
2016-06-06 20:09:05.000,0.0,2.0
2016-06-06 20:09:05.100,0.0,2.0
2016-06-06 20:09:05.200,0.0,2.0
2016-06-06 20:09:05.300,0.0,2.0
2016-06-06 20:09:05.400,0.0,2.0
2016-06-06 20:09:05.500,0.0,2.0
2016-06-06 20:09:05.600,0.0,2.0
2016-06-06 20:09:05.700,0.0,2.0
2016-06-06 20:09:05.800,0.0,2.0
2016-06-06 20:09:05.900,0.0,2.0
2016-06-06 20:09:06.000,0.0,2.0
2016-06-06 20:09:06.100,1.0,1.0
2016-06-06 20:09:06.200,1.0,1.0
2016-06-06 20:09:06.300,1.0,1.0
2016-06-06 20:09:06.400,1.0,1.0
2016-06-06 20:09:06.500,1.0,1.0
2016-06-06 20:09:06.600,1.0,1.0
2016-06-06 20:09:06.700,1.0,1.0
2016-06-06 20:09:06.800,1.0,1.0
2016-06-06 20:09:06.900,1.0,1.0
2016-06-06 20:09:07.000,1.0,1.0
2016-06-06 20:09:07.100,1.0,1.0
2016-06-06 20:09:07.200,1.0,1.0
2016-06-06 20:09:07.300,1.0,1.0
2016-06-06 20:09:07.400,1.0,1.0
2016-06-06 20:09:07.500,1.0,1.0
2016-06-06 20:09:07.600,1.0,1.0
2016-06-06 20:09:07.700,1.0,1.0
2016-06-06 20:09:07.800,1.0,1.0
2016-06-06 20:09:07.900,1.0,1.0
2016-06-06 20:09:08.000,1.0,1.0
2016-06-06 20:09:08.100,1.0,1.0
2016-06-06 20:09:08.200,1.0,1.0
2016-06-06 20:09:08.300,1.0,1.0
2016-06-06 20:09:08.400,1.0,1.0
2016-06-06 20:09:08.500,1.0,1.0
2016-06-06 20:09:08.600,1.0,1.0
2016-06-06 20:09:08.700,1.0,1.0
2016-06-06 20:09:08.800,1.0,1.0
2016-06-06 20:09:08.900,1.0,1.0
2016-06-06 20:09:09.000,1.0,1.0
2016-06-06 20:09:09.100,1.0,1.0
2016-06-06 20:09:09.200,1.0,1.0
2016-06-06 20:09:09.300,1.0,1.0
2016-06-06 20:09:09.400,1.0,1.0
2016-06-06 20:09:09.500,1.0,1.0
2016-06-06 20:09:09.600,1.0,1.0
2016-06-06 20:09:09.700,1.0,1.0
2016-06-06 20:09:09.800,1.0,1.0
2016-06-06 20:09:09.900,1.0,1.0
2016-06-06 20:09:10.000,1.0,1.0
2016-06-06 20:09:10.100,1.0,1.0
2016-06-06 20:09:10.200,1.0,1.0
2016-06-06 20:09:10.300,1.0,1.0
2016-06-06 20:09:10.400,1.0,1.0
2016-06-06 20:09:10.500,1.0,1.0
2016-06-06 20:09:10.600,1.0,1.0
2016-06-06 20:09:10.700,1.0,1.0
2016-06-06 20:09:10.800,1.0,1.0
2016-06-06 20:09:10.900,1.0,1.0
2016-06-06 20:09:11.000,1.0,1.0
2016-06-06 20:09:11.100,0.0,2.0
2016-06-06 20:09:11.200,2.0,2.0
2016-06-06 20:09:11.300,2.0,2.0
2016-06-06 20:09:11.400,2.0,2.0
2016-06-06 20:09:11.500,2.0,2.0
2016-06-06 20:09:11.600,2.0,2.0
2016-06-06 20:09:11.700,2.0,2.0
2016-06-06 20:09:11.800,2.0,2.0
2016-06-06 20:09:11.900,2.0,2.0
2016-06-06 20:09:12.000,2.0,2.0
2016-06-06 20:09:12.100,2.0,2.0
2016-06-06 20:09:12.200,2.0,2.0
2016-06-06 20:09:12.300,2.0,2.0
2016-06-06 20:09:12.400,2.0,2.0
2016-06-06 20:09:12.500,2.0,2.0
2016-06-06 20:09:12.600,2.0,2.0
2016-06-06 20:09:12.700,2.0,2.0
2016-06-06 20:09:12.800,2.0,2.0
2016-06-06 20:09:12.900,2.0,2.0
2016-06-06 20:09:13.000,2.0,2.0
2016-06-06 20:09:13.100,2.0,2.0
2016-06-06 20:09:13.200,2.0,2.0
2016-06-06 20:09:13.300,2.0,2.0
2016-06-06 20:09:13.400,2.0,2.0
2016-06-06 20:09:13.500,2.0,2.0
2016-06-06 20:09:13.600,2.0,2.0
2016-06-06 20:09:13.700,2.0,2.0
2016-06-06 20:09:13.800,2.0,2.0
2016-06-06 20:09:13.900,2.0,2.0
2016-06-06 20:09:14.000,2.0,2.0
2016-06-06 20:09:14.100,2.0,2.0
2016-06-06 20:09:14.200,2.0,2.0
2016-06-06 20:09:14.300,2.0,2.0
2016-06-06 20:09:14.400,2.0,2.0
2016-06-06 20:09:14.500,2.0,2.0
2016-06-06 20:09:14.600,2.0,2.0
2016-06-06 20:09:14.700,2.0,2.0
2016-06-06 20:09:14.800,2.0,2.0
2016-06-06 20:09:14.900,2.0,2.0
2016-06-06 20:09:15.000,2.0,2.0
2016-06-06 20:09:15.100,2.0,2.0
2016-06-06 20:09:15.200,2.0,2.0
2016-06-06 20:09:15.300,2.0,2.0
2016-06-06 20:09:15.400,2.0,2.0
2016-06-06 20:09:15.500,2.0,2.0
2016-06-06 20:09:15.600,2.0,2.0
2016-06-06 20:09:15.700,2.0,2.0
2016-06-06 20:09:15.800,2.0,2.0
2016-06-06 20:09:15.900,2.0,2.0
2016-06-06 20:09:16.000,2.0,2.0
2016-06-06 20:09:16.100,2.0,2.0
2016-06-06 20:09:16.200,2.0,2.0
2016-06-06 20:09:16.300,2.0,2.0
2016-06-06 20:09:16.400,2.0,2.0
2016-06-06 20:09:16.500,2.0,2.0
2016-06-06 20:09:16.600,2.0,2.0
2016-06-06 20:09:16.700,2.0,2.0
2016-06-06 20:09:16.800,2.0,2.0
2016-06-06 20:09:16.900,2.0,2.0
2016-06-06 20:09:17.000,2.0,2.0
2016-06-06 20:09:17.100,2.0,2.0
2016-06-06 20:09:17.200,2.0,2.0
2016-06-06 20:09:17.300,2.0,2.0
2016-06-06 20:09:17.400,2.0,2.0
2016-06-06 20:09:17.500,2.0,2.0
2016-06-06 20:09:17.600,2.0,2.0
2016-06-06 20:09:17.700,2.0,2.0
2016-06-06 20:09:17.800,2.0,2.0
2016-06-06 20:09:17.900,2.0,2.0
2016-06-06 20:09:18.000,2.0,2.0
2016-06-06 20:09:18.100,2.0,2.0
2016-06-06 20:09:18.200,2.0,2.0
2016-06-06 20:09:18.300,2.0,2.0
2016-06-06 20:09:18.400,2.0,2.0
2016-06-06 20:09:18.500,2.0,2.0
2016-06-06 20:09:18.600,2.0,2.0
2016-06-06 20:09:18.700,2.0,2.0
2016-06-06 20:09:18.800,2.0,2.0
2016-06-06 20:09:18.900,2.0,2.0
2016-06-06 20:09:19.000,2.0,2.0
2016-06-06 20:09:19.100,2.0,2.0
2016-06-06 20:09:19.200,2.0,2.0
2016-06-06 20:09:19.300,2.0,2.0
2016-06-06 20:09:19.400,2.0,2.0
2016-06-06 20:09:19.500,2.0,2.0
2016-06-06 20:09:19.600,2.0,2.0
2016-06-06 20:09:19.700,2.0,2.0
2016-06-06 20:09:19.800,2.0,2.0
2016-06-06 20:09:19.900,2.0,2.0
2016-06-06 20:09:20.000,2.0,2.0
2016-06-06 20:09:20.100,2.0,2.0
2016-06-06 20:09:20.200,2.0,2.0
2016-06-06 20:09:20.300,2.0,2.0
2016-06-06 20:09:20.400,2.0,2.0
2016-06-06 20:09:20.500,2.0,2.0
2016-06-06 20:09:20.600,2.0,2.0
2016-06-06 20:09:20.700,2.0,2.0
2016-06-06 20:09:20.800,2.0,2.0
2016-06-06 20:09:20.900,2.0,2.0
2016-06-06 20:09:21.000,2.0,2.0
2016-06-06 20:09:21.100,2.0,2.0
2016-06-06 20:09:21.200,2.0,2.0
2016-06-06 20:09:21.300,2.0,2.0
2016-06-06 20:09:21.400,2.0,2.0
2016-06-06 20:09:21.500,2.0,2.0
2016-06-06 20:09:21.600,2.0,2.0
2016-06-06 20:09:21.700,2.0,2.0
2016-06-06 20:09:21.800,2.0,2.0
2016-06-06 20:09:21.900,2.0,2.0
2016-06-06 20:09:22.000,2.0,2.0
2016-06-06 20:09:22.100,2.0,2.0
2016-06-06 20:09:22.200,2.0,2.0
2016-06-06 20:09:22.300,2.0,2.0
2016-06-06 20:09:22.400,2.0,2.0
2016-06-06 20:09:22.500,2.0,2.0
2016-06-06 20:09:22.600,2.0,2.0
2016-06-06 20:09:22.700,2.0,2.0
2016-06-06 20:09:22.800,2.0,2.0
2016-06-06 20:09:22.900,2.0,2.0
2016-06-06 20:09:23.000,2.0,2.0
2016-06-06 20:09:23.100,0.0,2.0
2016-06-06 20:09:23.200,0.0,2.0
2016-06-06 20:09:23.300,0.0,0.0
2016-06-06 20:09:23.400,0.0,0.0
2016-06-06 20:09:23.500,0.0,0.0
2016-06-06 20:09:23.600,0.0,0.0
2016-06-06 20:09:23.700,0.0,0.0
2016-06-06 20:09:23.800,0.0,0.0
2016-06-06 20:09:23.900,0.0,0.0
2016-06-06 20:09:24.000,0.0,0.0
2016-06-06 20:09:24.100,0.0,0.0
2016-06-06 20:09:24.200,0.0,0.0
2016-06-06 20:09:24.300,0.0,0.0
2016-06-06 20:09:24.400,0.0,0.0
2016-06-06 20:09:24.500,0.0,0.0
2016-06-06 20:09:24.600,0.0,0.0
2016-06-06 20:09:24.700,0.0,0.0
2016-06-06 20:09:24.800,0.0,0.0
2016-06-06 20:09:24.900,0.0,0.0
2016-06-06 20:09:25.000,0.0,0.0
2016-06-06 20:09:25.100,0.0,0.0
2016-06-06 20:09:25.200,0.0,0.0
2016-06-06 20:09:25.300,0.0,0.0
2016-06-06 20:09:25.400,0.0,0.0
2016-06-06 20:09:25.500,0.0,0.0
2016-06-06 20:09:25.600,0.0,0.0
2016-06-06 20:09:25.700,0.0,0.0
2016-06-06 20:09:25.800,0.0,0.0
2016-06-06 20:09:25.900,0.0,0.0
2016-06-06 20:09:26.000,0.0,0.0
2016-06-06 20:09:26.100,0.0,0.0
2016-06-06 20:09:26.200,0.0,0.0
2016-06-06 20:09:26.300,0.0,0.0
2016-06-06 20:09:26.400,0.0,0.0
2016-06-06 20:09:26.500,0.0,0.0
2016-06-06 20:09:26.600,0.0,0.0
2016-06-06 20:09:26.700,0.0,0.0
2016-06-06 20:09:26.800,0.0,0.0
2016-06-06 20:09:26.900,0.0,0.0
2016-06-06 20:09:27.000,0.0,0.0
2016-06-06 20:09:27.100,0.0,0.0
2016-06-06 20:09:27.200,0.0,0.0
2016-06-06 20:09:27.300,0.0,0.0
2016-06-06 20:09:27.400,0.0,0.0
2016-06-06 20:09:27.500,0.0,0.0
2016-06-06 20:09:27.600,0.0,0.0
2016-06-06 20:09:27.700,0.0,0.0
2016-06-06 20:09:27.800,0.0,0.0
2016-06-06 20:09:27.900,0.0,0.0
2016-06-06 20:09:28.000,0.0,0.0
2016-06-06 20:09:28.100,0.0,0.0
2016-06-06 20:09:28.200,0.0,0.0
2016-06-06 20:09:28.300,0.0,2.0
2016-06-06 20:09:28.400,0.0,2.0
2016-06-06 20:09:28.500,0.0,2.0
2016-06-06 20:09:28.600,0.0,2.0
2016-06-06 20:09:28.700,0.0,2.0
2016-06-06 20:09:28.800,0.0,2.0
2016-06-06 20:09:28.900,0.0,2.0
2016-06-06 20:09:29.000,0.0,2.0
2016-06-06 20:09:29.100,0.0,2.0
2016-06-06 20:09:29.200,0.0,2.0
2016-06-06 20:09:29.300,0.0,2.0
2016-06-06 20:09:29.400,0.0,2.0
2016-06-06 20:09:29.500,0.0,2.0
2016-06-06 20:09:29.600,0.0,2.0
2016-06-06 20:09:29.700,0.0,2.0
2016-06-06 20:09:29.800,0.0,2.0
2016-06-06 20:09:29.900,0.0,2.0
2016-06-06 20:09:30.000,0.0,2.0
2016-06-06 20:09:30.100,0.0,2.0
2016-06-06 20:09:30.200,0.0,2.0
2016-06-06 20:09:30.300,0.0,2.0
2016-06-06 20:09:30.400,0.0,2.0
2016-06-06 20:09:30.500,0.0,2.0
2016-06-06 20:09:30.600,0.0,2.0
2016-06-06 20:09:30.700,0.0,2.0
2016-06-06 20:09:30.800,0.0,2.0
2016-06-06 20:09:30.900,0.0,2.0
2016-06-06 20:09:31.000,0.0,2.0
2016-06-06 20:09:31.100,0.0,2.0
2016-06-06 20:09:31.200,0.0,2.0
2016-06-06 20:09:31.300,0.0,2.0
2016-06-06 20:09:31.400,0.0,2.0
2016-06-06 20:09:31.500,0.0,2.0
2016-06-06 20:09:31.600,0.0,2.0
2016-06-06 20:09:31.700,0.0,2.0
2016-06-06 20:09:31.800,0.0,2.0
2016-06-06 20:09:31.900,0.0,2.0
2016-06-06 20:09:32.000,0.0,2.0
2016-06-06 20:09:32.100,0.0,2.0
2016-06-06 20:09:32.200,0.0,2.0
2016-06-06 20:09:32.300,0.0,2.0
2016-06-06 20:09:32.400,0.0,2.0
2016-06-06 20:09:32.500,0.0,2.0
2016-06-06 20:09:32.600,0.0,2.0
2016-06-06 20:09:32.700,0.0,2.0
2016-06-06 20:09:32.800,0.0,2.0
2016-06-06 20:09:32.900,0.0,2.0
2016-06-06 20:09:33.000,0.0,2.0
2016-06-06 20:09:33.100,0.0,2.0
2016-06-06 20:09:33.200,0.0,2.0
2016-06-06 20:09:33.300,0.0,2.0
2016-06-06 20:09:33.400,0.0,2.0
2016-06-06 20:09:33.500,0.0,2.0
2016-06-06 20:09:33.600,0.0,2.0
2016-06-06 20:09:33.700,0.0,2.0
2016-06-06 20:09:33.800,0.0,2.0
2016-06-06 20:09:33.900,2.0,2.0
2016-06-06 20:09:34.000,2.0,2.0
2016-06-06 20:09:34.100,2.0,2.0
2016-06-06 20:09:34.200,2.0,2.0
2016-06-06 20:09:34.300,2.0,2.0
2016-06-06 20:09:34.400,2.0,2.0
2016-06-06 20:09:34.500,2.0,2.0
2016-06-06 20:09:34.600,2.0,2.0
2016-06-06 20:09:34.700,2.0,2.0
2016-06-06 20:09:34.800,2.0,2.0
2016-06-06 20:09:34.900,2.0,2.0
2016-06-06 20:09:35.000,2.0,2.0
2016-06-06 20:09:35.100,2.0,2.0
2016-06-06 20:09:35.200,2.0,2.0
2016-06-06 20:09:35.300,2.0,2.0
2016-06-06 20:09:35.400,2.0,2.0
2016-06-06 20:09:35.500,2.0,2.0
2016-06-06 20:09:35.600,2.0,2.0
2016-06-06 20:09:35.700,2.0,2.0
2016-06-06 20:09:35.800,2.0,2.0
2016-06-06 20:09:35.900,2.0,2.0
2016-06-06 20:09:36.000,2.0,2.0
2016-06-06 20:09:36.100,2.0,2.0
2016-06-06 20:09:36.200,2.0,2.0
2016-06-06 20:09:36.300,2.0,2.0
2016-06-06 20:09:36.400,2.0,2.0
2016-06-06 20:09:36.500,2.0,2.0
2016-06-06 20:09:36.600,2.0,2.0
2016-06-06 20:09:36.700,2.0,2.0
2016-06-06 20:09:36.800,2.0,2.0
2016-06-06 20:09:36.900,2.0,2.0
2016-06-06 20:09:37.000,2.0,2.0
2016-06-06 20:09:37.100,2.0,2.0
2016-06-06 20:09:37.200,2.0,2.0
2016-06-06 20:09:37.300,2.0,2.0
2016-06-06 20:09:37.400,2.0,2.0
2016-06-06 20:09:37.500,2.0,2.0
2016-06-06 20:09:37.600,2.0,2.0
2016-06-06 20:09:37.700,2.0,2.0
2016-06-06 20:09:37.800,2.0,2.0
2016-06-06 20:09:37.900,2.0,2.0
2016-06-06 20:09:38.000,2.0,2.0
2016-06-06 20:09:38.100,2.0,2.0
2016-06-06 20:09:38.200,2.0,2.0
2016-06-06 20:09:38.300,2.0,2.0
2016-06-06 20:09:38.400,2.0,2.0
2016-06-06 20:09:38.500,2.0,2.0
2016-06-06 20:09:38.600,2.0,2.0
2016-06-06 20:09:38.700,2.0,2.0
2016-06-06 20:09:38.800,2.0,2.0
2016-06-06 20:09:38.900,2.0,2.0
2016-06-06 20:09:39.000,2.0,2.0
2016-06-06 20:09:39.100,2.0,2.0
2016-06-06 20:09:39.200,2.0,2.0
2016-06-06 20:09:39.300,2.0,2.0
2016-06-06 20:09:39.400,2.0,2.0
2016-06-06 20:09:39.500,2.0,2.0
2016-06-06 20:09:39.600,2.0,2.0
2016-06-06 20:09:39.700,2.0,2.0
2016-06-06 20:09:39.800,2.0,2.0
2016-06-06 20:09:39.900,2.0,2.0
2016-06-06 20:09:40.000,2.0,2.0
2016-06-06 20:09:40.100,2.0,2.0
2016-06-06 20:09:40.200,2.0,2.0
2016-06-06 20:09:40.300,2.0,2.0
2016-06-06 20:09:40.400,2.0,2.0
2016-06-06 20:09:40.500,2.0,2.0
2016-06-06 20:09:40.600,2.0,2.0
2016-06-06 20:09:40.700,2.0,2.0
2016-06-06 20:09:40.800,2.0,2.0
2016-06-06 20:09:40.900,2.0,2.0
2016-06-06 20:09:41.000,2.0,2.0
2016-06-06 20:09:41.100,2.0,2.0
2016-06-06 20:09:41.200,2.0,2.0
2016-06-06 20:09:41.300,2.0,2.0
2016-06-06 20:09:41.400,2.0,2.0
2016-06-06 20:09:41.500,2.0,2.0
2016-06-06 20:09:41.600,2.0,2.0
2016-06-06 20:09:41.700,2.0,2.0
2016-06-06 20:09:41.800,2.0,2.0
2016-06-06 20:09:41.900,2.0,2.0
2016-06-06 20:09:42.000,2.0,2.0
2016-06-06 20:09:42.100,2.0,2.0
2016-06-06 20:09:42.200,2.0,2.0
2016-06-06 20:09:42.300,2.0,2.0
2016-06-06 20:09:42.400,2.0,2.0
2016-06-06 20:09:42.500,2.0,2.0
2016-06-06 20:09:42.600,2.0,2.0
2016-06-06 20:09:42.700,2.0,2.0
2016-06-06 20:09:42.800,2.0,2.0
2016-06-06 20:09:42.900,2.0,2.0
2016-06-06 20:09:43.000,2.0,2.0
2016-06-06 20:09:43.100,2.0,2.0
2016-06-06 20:09:43.200,2.0,2.0
2016-06-06 20:09:43.300,2.0,2.0
2016-06-06 20:09:43.400,2.0,2.0
2016-06-06 20:09:43.500,2.0,2.0
2016-06-06 20:09:43.600,2.0,2.0
2016-06-06 20:09:43.700,2.0,2.0
2016-06-06 20:09:43.800,2.0,2.0
2016-06-06 20:09:43.900,2.0,2.0
2016-06-06 20:09:44.000,2.0,2.0
2016-06-06 20:09:44.100,2.0,2.0
2016-06-06 20:09:44.200,2.0,2.0
2016-06-06 20:09:44.300,2.0,2.0
2016-06-06 20:09:44.400,2.0,2.0
2016-06-06 20:09:44.500,2.0,2.0
2016-06-06 20:09:44.600,2.0,2.0
2016-06-06 20:09:44.700,2.0,2.0
2016-06-06 20:09:44.800,2.0,2.0
2016-06-06 20:09:44.900,2.0,2.0
2016-06-06 20:09:45.000,2.0,2.0
2016-06-06 20:09:45.100,2.0,2.0
2016-06-06 20:09:45.200,2.0,2.0
2016-06-06 20:09:45.300,2.0,2.0
2016-06-06 20:09:45.400,2.0,2.0
2016-06-06 20:09:45.500,2.0,2.0
2016-06-06 20:09:45.600,2.0,2.0
2016-06-06 20:09:45.700,2.0,2.0
2016-06-06 20:09:45.800,2.0,2.0
2016-06-06 20:09:45.900,2.0,2.0
2016-06-06 20:09:46.000,2.0,2.0
2016-06-06 20:09:46.100,2.0,2.0
2016-06-06 20:09:46.200,2.0,2.0
2016-06-06 20:09:46.300,2.0,2.0
2016-06-06 20:09:46.400,2.0,2.0
2016-06-06 20:09:46.500,2.0,2.0
2016-06-06 20:09:46.600,2.0,2.0
2016-06-06 20:09:46.700,2.0,2.0
2016-06-06 20:09:46.800,2.0,2.0
2016-06-06 20:09:46.900,2.0,2.0
2016-06-06 20:09:47.000,2.0,2.0
2016-06-06 20:09:47.100,2.0,2.0
2016-06-06 20:09:47.200,2.0,2.0
2016-06-06 20:09:47.300,2.0,2.0
2016-06-06 20:09:47.400,2.0,2.0
2016-06-06 20:09:47.500,2.0,2.0
2016-06-06 20:09:47.600,2.0,2.0
2016-06-06 20:09:47.700,2.0,2.0
2016-06-06 20:09:47.800,2.0,2.0
2016-06-06 20:09:47.900,2.0,2.0
2016-06-06 20:09:48.000,2.0,2.0
2016-06-06 20:09:48.100,2.0,2.0
2016-06-06 20:09:48.200,2.0,2.0
2016-06-06 20:09:48.300,2.0,2.0
2016-06-06 20:09:48.400,2.0,2.0
2016-06-06 20:09:48.500,2.0,2.0
2016-06-06 20:09:48.600,2.0,2.0
2016-06-06 20:09:48.700,2.0,2.0
2016-06-06 20:09:48.800,2.0,2.0
2016-06-06 20:09:48.900,2.0,2.0
2016-06-06 20:09:49.000,2.0,2.0
2016-06-06 20:09:49.100,2.0,2.0
2016-06-06 20:09:49.200,2.0,2.0
2016-06-06 20:09:49.300,2.0,2.0
2016-06-06 20:09:49.400,2.0,2.0
2016-06-06 20:09:49.500,2.0,2.0
2016-06-06 20:09:49.600,2.0,2.0
2016-06-06 20:09:49.700,2.0,2.0
2016-06-06 20:09:49.800,2.0,2.0
2016-06-06 20:09:49.900,2.0,2.0
2016-06-06 20:09:50.000,2.0,2.0
2016-06-06 20:09:50.100,2.0,2.0
2016-06-06 20:09:50.200,2.0,2.0
2016-06-06 20:09:50.300,2.0,2.0
2016-06-06 20:09:50.400,2.0,2.0
2016-06-06 20:09:50.500,2.0,2.0
2016-06-06 20:09:50.600,2.0,2.0
2016-06-06 20:09:50.700,2.0,2.0
2016-06-06 20:09:50.800,2.0,2.0
2016-06-06 20:09:50.900,2.0,2.0
2016-06-06 20:09:51.000,2.0,2.0
2016-06-06 20:09:51.100,2.0,2.0
2016-06-06 20:09:51.200,2.0,2.0
2016-06-06 20:09:51.300,2.0,2.0
2016-06-06 20:09:51.400,2.0,2.0
2016-06-06 20:09:51.500,2.0,2.0
2016-06-06 20:09:51.600,2.0,2.0
2016-06-06 20:09:51.700,2.0,2.0
2016-06-06 20:09:51.800,2.0,2.0
2016-06-06 20:09:51.900,2.0,2.0
2016-06-06 20:09:52.000,2.0,2.0
2016-06-06 20:09:52.100,2.0,2.0
2016-06-06 20:09:52.200,2.0,2.0
2016-06-06 20:09:52.300,2.0,2.0
2016-06-06 20:09:52.400,2.0,2.0
2016-06-06 20:09:52.500,2.0,2.0
2016-06-06 20:09:52.600,2.0,2.0
2016-06-06 20:09:52.700,2.0,2.0
2016-06-06 20:09:52.800,2.0,2.0
2016-06-06 20:09:52.900,2.0,2.0
2016-06-06 20:09:53.000,2.0,2.0
2016-06-06 20:09:53.100,2.0,2.0
2016-06-06 20:09:53.200,2.0,2.0
2016-06-06 20:09:53.300,2.0,2.0
2016-06-06 20:09:53.400,2.0,2.0
2016-06-06 20:09:53.500,2.0,2.0
2016-06-06 20:09:53.600,2.0,2.0
2016-06-06 20:09:53.700,2.0,2.0
2016-06-06 20:09:53.800,2.0,2.0
2016-06-06 20:09:53.900,2.0,2.0
2016-06-06 20:09:54.000,2.0,2.0
2016-06-06 20:09:54.100,2.0,2.0
2016-06-06 20:09:54.200,2.0,2.0
2016-06-06 20:09:54.300,2.0,2.0
2016-06-06 20:09:54.400,2.0,2.0
2016-06-06 20:09:54.500,2.0,2.0
2016-06-06 20:09:54.600,2.0,2.0
2016-06-06 20:09:54.700,2.0,2.0
2016-06-06 20:09:54.800,2.0,2.0
2016-06-06 20:09:54.900,2.0,2.0
2016-06-06 20:09:55.000,2.0,2.0
2016-06-06 20:09:55.100,2.0,2.0
2016-06-06 20:09:55.200,2.0,2.0
2016-06-06 20:09:55.300,2.0,2.0
2016-06-06 20:09:55.400,2.0,2.0
2016-06-06 20:09:55.500,2.0,2.0
2016-06-06 20:09:55.600,2.0,2.0
2016-06-06 20:09:55.700,2.0,2.0
2016-06-06 20:09:55.800,2.0,2.0
2016-06-06 20:09:55.900,2.0,2.0
2016-06-06 20:09:56.000,2.0,2.0
2016-06-06 20:09:56.100,2.0,2.0
2016-06-06 20:09:56.200,2.0,2.0
2016-06-06 20:09:56.300,2.0,2.0
2016-06-06 20:09:56.400,2.0,2.0
2016-06-06 20:09:56.500,2.0,2.0
2016-06-06 20:09:56.600,2.0,2.0
2016-06-06 20:09:56.700,2.0,2.0
2016-06-06 20:09:56.800,2.0,2.0
2016-06-06 20:09:56.900,2.0,2.0
2016-06-06 20:09:57.000,2.0,2.0
2016-06-06 20:09:57.100,2.0,2.0
2016-06-06 20:09:57.200,2.0,2.0
2016-06-06 20:09:57.300,2.0,2.0
2016-06-06 20:09:57.400,2.0,2.0
2016-06-06 20:09:57.500,2.0,2.0
2016-06-06 20:09:57.600,2.0,2.0
2016-06-06 20:09:57.700,2.0,2.0
2016-06-06 20:09:57.800,2.0,2.0
2016-06-06 20:09:57.900,2.0,2.0
2016-06-06 20:09:58.000,2.0,2.0
2016-06-06 20:09:58.100,2.0,2.0
2016-06-06 20:09:58.200,2.0,2.0
2016-06-06 20:09:58.300,2.0,2.0
2016-06-06 20:09:58.400,2.0,2.0
2016-06-06 20:09:58.500,2.0,2.0
2016-06-06 20:09:58.600,2.0,2.0
2016-06-06 20:09:58.700,2.0,2.0
2016-06-06 20:09:58.800,2.0,2.0
2016-06-06 20:09:58.900,2.0,2.0
2016-06-06 20:09:59.000,2.0,2.0
2016-06-06 20:09:59.100,2.0,2.0
2016-06-06 20:09:59.200,2.0,2.0
2016-06-06 20:09:59.300,2.0,2.0
2016-06-06 20:09:59.400,2.0,2.0
2016-06-06 20:09:59.500,2.0,2.0
2016-06-06 20:09:59.600,2.0,2.0
2016-06-06 20:09:59.700,2.0,2.0
2016-06-06 20:09:59.800,2.0,2.0
2016-06-06 20:09:59.900,2.0,2.0
2016-06-06 20:10:00.000,2.0,2.0
2016-06-06 20:10:00.100,2.0,2.0
2016-06-06 20:10:00.200,2.0,2.0
2016-06-06 20:10:00.300,2.0,2.0
2016-06-06 20:10:00.400,2.0,2.0
2016-06-06 20:10:00.500,2.0,2.0
2016-06-06 20:10:00.600,2.0,2.0
2016-06-06 20:10:00.700,0.0,2.0
2016-06-06 20:10:00.800,0.0,2.0
2016-06-06 20:10:00.900,0.0,2.0
2016-06-06 20:10:01.000,0.0,2.0
2016-06-06 20:10:01.100,0.0,2.0
2016-06-06 20:10:01.200,0.0,2.0
2016-06-06 20:10:01.300,0.0,2.0
2016-06-06 20:10:01.400,0.0,2.0
2016-06-06 20:10:01.500,0.0,2.0
2016-06-06 20:10:01.600,0.0,2.0
2016-06-06 20:10:01.700,0.0,2.0
2016-06-06 20:10:01.800,0.0,2.0
2016-06-06 20:10:01.900,0.0,2.0
2016-06-06 20:10:02.000,0.0,2.0
2016-06-06 20:10:02.100,0.0,2.0
2016-06-06 20:10:02.200,0.0,2.0
2016-06-06 20:10:02.300,0.0,2.0
2016-06-06 20:10:02.400,0.0,2.0
2016-06-06 20:10:02.500,0.0,2.0
2016-06-06 20:10:02.600,0.0,2.0
2016-06-06 20:10:02.700,0.0,2.0
2016-06-06 20:10:02.800,0.0,2.0
2016-06-06 20:10:02.900,0.0,2.0
2016-06-06 20:10:03.000,0.0,2.0
2016-06-06 20:10:03.100,0.0,2.0
2016-06-06 20:10:03.200,0.0,2.0
2016-06-06 20:10:03.300,0.0,0.0
2016-06-06 20:10:03.400,0.0,0.0
2016-06-06 20:10:03.500,0.0,0.0
2016-06-06 20:10:03.600,0.0,0.0
2016-06-06 20:10:03.700,0.0,0.0
2016-06-06 20:10:03.800,0.0,0.0
2016-06-06 20:10:03.900,0.0,0.0
2016-06-06 20:10:04.000,0.0,0.0
2016-06-06 20:10:04.100,0.0,0.0
2016-06-06 20:10:04.200,0.0,0.0
2016-06-06 20:10:04.300,0.0,0.0
2016-06-06 20:10:04.400,0.0,0.0
2016-06-06 20:10:04.500,0.0,0.0
2016-06-06 20:10:04.600,0.0,0.0
2016-06-06 20:10:04.700,0.0,0.0
2016-06-06 20:10:04.800,0.0,0.0
2016-06-06 20:10:04.900,0.0,0.0
2016-06-06 20:10:05.000,0.0,0.0
2016-06-06 20:10:05.100,0.0,0.0
2016-06-06 20:10:05.200,0.0,0.0
2016-06-06 20:10:05.300,0.0,0.0
2016-06-06 20:10:05.400,0.0,0.0
2016-06-06 20:10:05.500,0.0,0.0
2016-06-06 20:10:05.600,0.0,0.0
2016-06-06 20:10:05.700,0.0,0.0
2016-06-06 20:10:05.800,0.0,0.0
2016-06-06 20:10:05.900,0.0,0.0
2016-06-06 20:10:06.000,0.0,0.0
2016-06-06 20:10:06.100,0.0,0.0
2016-06-06 20:10:06.200,0.0,0.0
2016-06-06 20:10:06.300,0.0,0.0
2016-06-06 20:10:06.400,0.0,0.0
2016-06-06 20:10:06.500,0.0,0.0
2016-06-06 20:10:06.600,0.0,0.0
2016-06-06 20:10:06.700,0.0,0.0
2016-06-06 20:10:06.800,0.0,0.0
2016-06-06 20:10:06.900,0.0,0.0
2016-06-06 20:10:07.000,0.0,0.0
2016-06-06 20:10:07.100,0.0,0.0
2016-06-06 20:10:07.200,0.0,0.0
2016-06-06 20:10:07.300,0.0,0.0
2016-06-06 20:10:07.400,0.0,0.0
2016-06-06 20:10:07.500,0.0,0.0
2016-06-06 20:10:07.600,0.0,0.0
2016-06-06 20:10:07.700,0.0,0.0
2016-06-06 20:10:07.800,0.0,0.0
2016-06-06 20:10:07.900,0.0,0.0
2016-06-06 20:10:08.000,0.0,0.0
2016-06-06 20:10:08.100,0.0,0.0
2016-06-06 20:10:08.200,0.0,0.0
2016-06-06 20:10:08.300,0.0,0.0
2016-06-06 20:10:08.400,0.0,0.0
2016-06-06 20:10:08.500,0.0,0.0
2016-06-06 20:10:08.600,0.0,0.0
2016-06-06 20:10:08.700,0.0,0.0
2016-06-06 20:10:08.800,0.0,0.0
2016-06-06 20:10:08.900,0.0,0.0
2016-06-06 20:10:09.000,0.0,0.0
2016-06-06 20:10:09.100,0.0,0.0
2016-06-06 20:10:09.200,0.0,0.0
2016-06-06 20:10:09.300,0.0,0.0
2016-06-06 20:10:09.400,0.0,0.0
2016-06-06 20:10:09.500,0.0,0.0
2016-06-06 20:10:09.600,0.0,0.0
2016-06-06 20:10:09.700,0.0,0.0
2016-06-06 20:10:09.800,0.0,0.0
2016-06-06 20:10:09.900,0.0,0.0
2016-06-06 20:10:10.000,0.0,0.0
2016-06-06 20:10:10.100,0.0,0.0
2016-06-06 20:10:10.200,0.0,0.0
2016-06-06 20:10:10.300,0.0,0.0
2016-06-06 20:10:10.400,0.0,0.0
2016-06-06 20:10:10.500,0.0,0.0
2016-06-06 20:10:10.600,0.0,0.0
2016-06-06 20:10:10.700,0.0,0.0
2016-06-06 20:10:10.800,0.0,0.0
2016-06-06 20:10:10.900,0.0,0.0
2016-06-06 20:10:11.000,0.0,0.0
2016-06-06 20:10:11.100,0.0,0.0
2016-06-06 20:10:11.200,0.0,0.0
2016-06-06 20:10:11.300,0.0,0.0
2016-06-06 20:10:11.400,0.0,0.0
2016-06-06 20:10:11.500,0.0,0.0
2016-06-06 20:10:11.600,0.0,0.0
2016-06-06 20:10:11.700,0.0,0.0
2016-06-06 20:10:11.800,0.0,0.0
2016-06-06 20:10:11.900,0.0,0.0
2016-06-06 20:10:12.000,0.0,0.0
2016-06-06 20:10:12.100,0.0,0.0
2016-06-06 20:10:12.200,0.0,0.0
2016-06-06 20:10:12.300,0.0,0.0
2016-06-06 20:10:12.400,0.0,0.0
2016-06-06 20:10:12.500,0.0,0.0
2016-06-06 20:10:12.600,0.0,0.0
2016-06-06 20:10:12.700,0.0,0.0
2016-06-06 20:10:12.800,0.0,0.0
2016-06-06 20:10:12.900,0.0,0.0
2016-06-06 20:10:13.000,0.0,0.0
2016-06-06 20:10:13.100,0.0,0.0
2016-06-06 20:10:13.200,0.0,0.0
2016-06-06 20:10:13.300,0.0,0.0
2016-06-06 20:10:13.400,0.0,0.0
2016-06-06 20:10:13.500,0.0,0.0
2016-06-06 20:10:13.600,0.0,0.0
2016-06-06 20:10:13.700,0.0,0.0
2016-06-06 20:10:13.800,0.0,0.0
2016-06-06 20:10:13.900,0.0,0.0
2016-06-06 20:10:14.000,0.0,0.0
2016-06-06 20:10:14.100,0.0,0.0
2016-06-06 20:10:14.200,0.0,0.0
2016-06-06 20:10:14.300,0.0,0.0
2016-06-06 20:10:14.400,0.0,0.0
2016-06-06 20:10:14.500,0.0,0.0
2016-06-06 20:10:14.600,0.0,0.0
2016-06-06 20:10:14.700,0.0,0.0
2016-06-06 20:10:14.800,0.0,0.0
2016-06-06 20:10:14.900,0.0,0.0
2016-06-06 20:10:15.000,0.0,0.0
2016-06-06 20:10:15.100,0.0,0.0
2016-06-06 20:10:15.200,0.0,0.0
2016-06-06 20:10:15.300,0.0,0.0
2016-06-06 20:10:15.400,0.0,0.0
2016-06-06 20:10:15.500,0.0,0.0
2016-06-06 20:10:15.600,0.0,0.0
2016-06-06 20:10:15.700,0.0,0.0
2016-06-06 20:10:15.800,0.0,0.0
2016-06-06 20:10:15.900,0.0,0.0
2016-06-06 20:10:16.000,0.0,0.0
2016-06-06 20:10:16.100,0.0,0.0
2016-06-06 20:10:16.200,0.0,0.0
2016-06-06 20:10:16.300,0.0,0.0
2016-06-06 20:10:16.400,0.0,0.0
2016-06-06 20:10:16.500,0.0,0.0
2016-06-06 20:10:16.600,0.0,0.0
2016-06-06 20:10:16.700,0.0,0.0
2016-06-06 20:10:16.800,0.0,0.0
2016-06-06 20:10:16.900,0.0,0.0
2016-06-06 20:10:17.000,0.0,0.0
2016-06-06 20:10:17.100,0.0,0.0
2016-06-06 20:10:17.200,0.0,0.0
2016-06-06 20:10:17.300,0.0,0.0
2016-06-06 20:10:17.400,0.0,0.0
2016-06-06 20:10:17.500,0.0,0.0
2016-06-06 20:10:17.600,0.0,0.0
2016-06-06 20:10:17.700,0.0,0.0
2016-06-06 20:10:17.800,0.0,0.0
2016-06-06 20:10:17.900,0.0,0.0
2016-06-06 20:10:18.000,0.0,0.0
2016-06-06 20:10:18.100,0.0,0.0
2016-06-06 20:10:18.200,0.0,0.0
2016-06-06 20:10:18.300,0.0,2.0
2016-06-06 20:10:18.400,0.0,2.0
2016-06-06 20:10:18.500,0.0,2.0
2016-06-06 20:10:18.600,1.0,1.0
2016-06-06 20:10:18.700,1.0,1.0
2016-06-06 20:10:18.800,1.0,1.0
2016-06-06 20:10:18.900,1.0,1.0
2016-06-06 20:10:19.000,1.0,1.0
2016-06-06 20:10:19.100,1.0,1.0
2016-06-06 20:10:19.200,1.0,1.0
2016-06-06 20:10:19.300,1.0,1.0
2016-06-06 20:10:19.400,1.0,1.0
2016-06-06 20:10:19.500,1.0,1.0
2016-06-06 20:10:19.600,1.0,1.0
2016-06-06 20:10:19.700,1.0,1.0
2016-06-06 20:10:19.800,1.0,1.0
2016-06-06 20:10:19.900,1.0,1.0
2016-06-06 20:10:20.000,1.0,1.0
2016-06-06 20:10:20.100,1.0,1.0
2016-06-06 20:10:20.200,1.0,1.0
2016-06-06 20:10:20.300,1.0,1.0
2016-06-06 20:10:20.400,1.0,1.0
2016-06-06 20:10:20.500,1.0,1.0
2016-06-06 20:10:20.600,1.0,1.0
2016-06-06 20:10:20.700,1.0,1.0
2016-06-06 20:10:20.800,1.0,1.0
2016-06-06 20:10:20.900,1.0,1.0
2016-06-06 20:10:21.000,1.0,1.0
2016-06-06 20:10:21.100,1.0,1.0
2016-06-06 20:10:21.200,1.0,1.0
2016-06-06 20:10:21.300,1.0,1.0
2016-06-06 20:10:21.400,1.0,1.0
2016-06-06 20:10:21.500,1.0,1.0
2016-06-06 20:10:21.600,1.0,1.0
2016-06-06 20:10:21.700,1.0,1.0
2016-06-06 20:10:21.800,1.0,1.0
2016-06-06 20:10:21.900,1.0,1.0
2016-06-06 20:10:22.000,1.0,1.0
2016-06-06 20:10:22.100,1.0,1.0
2016-06-06 20:10:22.200,1.0,1.0
2016-06-06 20:10:22.300,1.0,1.0
2016-06-06 20:10:22.400,1.0,1.0
2016-06-06 20:10:22.500,1.0,1.0
2016-06-06 20:10:22.600,1.0,1.0
2016-06-06 20:10:22.700,1.0,1.0
2016-06-06 20:10:22.800,1.0,1.0
2016-06-06 20:10:22.900,1.0,1.0
2016-06-06 20:10:23.000,1.0,1.0
2016-06-06 20:10:23.100,1.0,1.0
2016-06-06 20:10:23.200,1.0,1.0
2016-06-06 20:10:23.300,1.0,1.0
2016-06-06 20:10:23.400,1.0,1.0
2016-06-06 20:10:23.500,1.0,1.0
2016-06-06 20:10:23.600,0.0,2.0
2016-06-06 20:10:23.700,2.0,2.0
2016-06-06 20:10:23.800,2.0,2.0
2016-06-06 20:10:23.900,2.0,2.0
2016-06-06 20:10:24.000,2.0,2.0
2016-06-06 20:10:24.100,2.0,2.0
2016-06-06 20:10:24.200,2.0,2.0
2016-06-06 20:10:24.300,2.0,2.0
2016-06-06 20:10:24.400,2.0,2.0
2016-06-06 20:10:24.500,2.0,2.0
2016-06-06 20:10:24.600,2.0,2.0
2016-06-06 20:10:24.700,2.0,2.0
2016-06-06 20:10:24.800,2.0,2.0
2016-06-06 20:10:24.900,2.0,2.0
2016-06-06 20:10:25.000,2.0,2.0
2016-06-06 20:10:25.100,2.0,2.0
2016-06-06 20:10:25.200,2.0,2.0
2016-06-06 20:10:25.300,2.0,2.0
2016-06-06 20:10:25.400,2.0,2.0
2016-06-06 20:10:25.500,2.0,2.0
2016-06-06 20:10:25.600,2.0,2.0
2016-06-06 20:10:25.700,2.0,2.0
2016-06-06 20:10:25.800,2.0,2.0
2016-06-06 20:10:25.900,2.0,2.0
2016-06-06 20:10:26.000,2.0,2.0
2016-06-06 20:10:26.100,2.0,2.0
2016-06-06 20:10:26.200,2.0,2.0
2016-06-06 20:10:26.300,2.0,2.0
2016-06-06 20:10:26.400,2.0,2.0
2016-06-06 20:10:26.500,2.0,2.0
2016-06-06 20:10:26.600,2.0,2.0
2016-06-06 20:10:26.700,2.0,2.0
2016-06-06 20:10:26.800,2.0,2.0
2016-06-06 20:10:26.900,2.0,2.0
2016-06-06 20:10:27.000,2.0,2.0
2016-06-06 20:10:27.100,2.0,2.0
2016-06-06 20:10:27.200,2.0,2.0
2016-06-06 20:10:27.300,2.0,2.0
2016-06-06 20:10:27.400,0.0,2.0
2016-06-06 20:10:27.500,0.0,2.0
2016-06-06 20:10:27.600,0.0,2.0
2016-06-06 20:10:27.700,0.0,2.0
2016-06-06 20:10:27.800,0.0,2.0
2016-06-06 20:10:27.900,0.0,2.0
2016-06-06 20:10:28.000,0.0,2.0
2016-06-06 20:10:28.100,0.0,2.0
2016-06-06 20:10:28.200,0.0,2.0
2016-06-06 20:10:28.300,0.0,2.0
2016-06-06 20:10:28.400,0.0,2.0
2016-06-06 20:10:28.500,0.0,2.0
2016-06-06 20:10:28.600,0.0,2.0
2016-06-06 20:10:28.700,0.0,2.0
2016-06-06 20:10:28.800,0.0,2.0
2016-06-06 20:10:28.900,0.0,2.0
2016-06-06 20:10:29.000,0.0,2.0
2016-06-06 20:10:29.100,0.0,2.0
2016-06-06 20:10:29.200,0.0,2.0
2016-06-06 20:10:29.300,0.0,2.0
2016-06-06 20:10:29.400,0.0,2.0
2016-06-06 20:10:29.500,0.0,2.0
2016-06-06 20:10:29.600,0.0,2.0
2016-06-06 20:10:29.700,0.0,2.0
2016-06-06 20:10:29.800,0.0,2.0
2016-06-06 20:10:29.900,0.0,2.0
2016-06-06 20:10:30.000,0.0,2.0
2016-06-06 20:10:30.100,0.0,2.0
2016-06-06 20:10:30.200,1.0,1.0
2016-06-06 20:10:30.300,1.0,1.0
2016-06-06 20:10:30.400,1.0,1.0
2016-06-06 20:10:30.500,1.0,1.0
2016-06-06 20:10:30.600,1.0,1.0
2016-06-06 20:10:30.700,1.0,1.0
2016-06-06 20:10:30.800,1.0,1.0
2016-06-06 20:10:30.900,1.0,1.0
2016-06-06 20:10:31.000,1.0,1.0
2016-06-06 20:10:31.100,1.0,1.0
2016-06-06 20:10:31.200,1.0,1.0
2016-06-06 20:10:31.300,1.0,1.0
2016-06-06 20:10:31.400,1.0,1.0
2016-06-06 20:10:31.500,1.0,1.0
2016-06-06 20:10:31.600,1.0,1.0
2016-06-06 20:10:31.700,1.0,1.0
2016-06-06 20:10:31.800,1.0,1.0
2016-06-06 20:10:31.900,1.0,1.0
2016-06-06 20:10:32.000,1.0,1.0
2016-06-06 20:10:32.100,1.0,1.0
2016-06-06 20:10:32.200,1.0,1.0
2016-06-06 20:10:32.300,1.0,1.0
2016-06-06 20:10:32.400,1.0,1.0
2016-06-06 20:10:32.500,1.0,1.0
2016-06-06 20:10:32.600,1.0,1.0
2016-06-06 20:10:32.700,1.0,1.0
2016-06-06 20:10:32.800,1.0,1.0
2016-06-06 20:10:32.900,1.0,1.0
2016-06-06 20:10:33.000,1.0,1.0
2016-06-06 20:10:33.100,1.0,1.0
2016-06-06 20:10:33.200,1.0,1.0
2016-06-06 20:10:33.300,1.0,1.0
2016-06-06 20:10:33.400,1.0,1.0
2016-06-06 20:10:33.500,1.0,1.0
2016-06-06 20:10:33.600,1.0,1.0
2016-06-06 20:10:33.700,1.0,1.0
2016-06-06 20:10:33.800,1.0,1.0
2016-06-06 20:10:33.900,1.0,1.0
2016-06-06 20:10:34.000,1.0,1.0
2016-06-06 20:10:34.100,1.0,1.0
2016-06-06 20:10:34.200,1.0,1.0
2016-06-06 20:10:34.300,1.0,1.0
2016-06-06 20:10:34.400,1.0,1.0
2016-06-06 20:10:34.500,1.0,1.0
2016-06-06 20:10:34.600,1.0,1.0
2016-06-06 20:10:34.700,1.0,1.0
2016-06-06 20:10:34.800,1.0,1.0
2016-06-06 20:10:34.900,1.0,1.0
2016-06-06 20:10:35.000,1.0,1.0
2016-06-06 20:10:35.100,1.0,1.0
2016-06-06 20:10:35.200,0.0,2.0
2016-06-06 20:10:35.300,2.0,2.0
2016-06-06 20:10:35.400,2.0,2.0
2016-06-06 20:10:35.500,2.0,2.0
2016-06-06 20:10:35.600,2.0,2.0
2016-06-06 20:10:35.700,2.0,2.0
2016-06-06 20:10:35.800,2.0,2.0
2016-06-06 20:10:35.900,2.0,2.0
2016-06-06 20:10:36.000,2.0,2.0
2016-06-06 20:10:36.100,2.0,2.0
2016-06-06 20:10:36.200,2.0,2.0
2016-06-06 20:10:36.300,2.0,2.0
2016-06-06 20:10:36.400,2.0,2.0
2016-06-06 20:10:36.500,2.0,2.0
2016-06-06 20:10:36.600,2.0,2.0
2016-06-06 20:10:36.700,2.0,2.0
2016-06-06 20:10:36.800,2.0,2.0
2016-06-06 20:10:36.900,2.0,2.0
2016-06-06 20:10:37.000,2.0,2.0
2016-06-06 20:10:37.100,2.0,2.0
2016-06-06 20:10:37.200,2.0,2.0
2016-06-06 20:10:37.300,2.0,2.0
2016-06-06 20:10:37.400,2.0,2.0
2016-06-06 20:10:37.500,2.0,2.0
2016-06-06 20:10:37.600,2.0,2.0
2016-06-06 20:10:37.700,2.0,2.0
2016-06-06 20:10:37.800,2.0,2.0
2016-06-06 20:10:37.900,2.0,2.0
2016-06-06 20:10:38.000,2.0,2.0
2016-06-06 20:10:38.100,2.0,2.0
2016-06-06 20:10:38.200,2.0,2.0
2016-06-06 20:10:38.300,2.0,2.0
2016-06-06 20:10:38.400,2.0,2.0
2016-06-06 20:10:38.500,2.0,2.0
2016-06-06 20:10:38.600,2.0,2.0
2016-06-06 20:10:38.700,2.0,2.0
2016-06-06 20:10:38.800,2.0,2.0
2016-06-06 20:10:38.900,2.0,2.0
2016-06-06 20:10:39.000,2.0,2.0
2016-06-06 20:10:39.100,2.0,2.0
2016-06-06 20:10:39.200,2.0,2.0
2016-06-06 20:10:39.300,2.0,2.0
2016-06-06 20:10:39.400,2.0,2.0
2016-06-06 20:10:39.500,2.0,2.0
2016-06-06 20:10:39.600,2.0,2.0
2016-06-06 20:10:39.700,2.0,2.0
2016-06-06 20:10:39.800,2.0,2.0
2016-06-06 20:10:39.900,2.0,2.0
2016-06-06 20:10:40.000,2.0,2.0
2016-06-06 20:10:40.100,2.0,2.0
2016-06-06 20:10:40.200,2.0,2.0
2016-06-06 20:10:40.300,2.0,2.0
2016-06-06 20:10:40.400,2.0,2.0
2016-06-06 20:10:40.500,2.0,2.0
2016-06-06 20:10:40.600,2.0,2.0
2016-06-06 20:10:40.700,2.0,2.0
2016-06-06 20:10:40.800,2.0,2.0
2016-06-06 20:10:40.900,2.0,2.0
2016-06-06 20:10:41.000,2.0,2.0
2016-06-06 20:10:41.100,2.0,2.0
2016-06-06 20:10:41.200,2.0,2.0
2016-06-06 20:10:41.300,2.0,2.0
2016-06-06 20:10:41.400,2.0,2.0
2016-06-06 20:10:41.500,2.0,2.0
2016-06-06 20:10:41.600,2.0,2.0
2016-06-06 20:10:41.700,2.0,2.0
2016-06-06 20:10:41.800,2.0,2.0
2016-06-06 20:10:41.900,2.0,2.0
2016-06-06 20:10:42.000,2.0,2.0
2016-06-06 20:10:42.100,0.0,2.0
2016-06-06 20:10:42.200,0.0,2.0
2016-06-06 20:10:42.300,0.0,2.0
2016-06-06 20:10:42.400,0.0,2.0
2016-06-06 20:10:42.500,0.0,2.0
2016-06-06 20:10:42.600,0.0,2.0
2016-06-06 20:10:42.700,0.0,2.0
2016-06-06 20:10:42.800,0.0,2.0
2016-06-06 20:10:42.900,0.0,2.0
2016-06-06 20:10:43.000,0.0,2.0
2016-06-06 20:10:43.100,0.0,2.0
2016-06-06 20:10:43.200,0.0,2.0
2016-06-06 20:10:43.300,1.0,0.0
2016-06-06 20:10:43.400,1.0,0.0
2016-06-06 20:10:43.500,1.0,0.0
2016-06-06 20:10:43.600,1.0,0.0
2016-06-06 20:10:43.700,1.0,0.0
2016-06-06 20:10:43.800,1.0,0.0
2016-06-06 20:10:43.900,1.0,0.0
2016-06-06 20:10:44.000,1.0,0.0
2016-06-06 20:10:44.100,1.0,0.0
2016-06-06 20:10:44.200,1.0,0.0
2016-06-06 20:10:44.300,1.0,0.0
2016-06-06 20:10:44.400,1.0,0.0
2016-06-06 20:10:44.500,1.0,0.0
2016-06-06 20:10:44.600,1.0,0.0
2016-06-06 20:10:44.700,1.0,0.0
2016-06-06 20:10:44.800,1.0,0.0
2016-06-06 20:10:44.900,1.0,0.0
2016-06-06 20:10:45.000,1.0,0.0
2016-06-06 20:10:45.100,1.0,0.0
2016-06-06 20:10:45.200,1.0,0.0
2016-06-06 20:10:45.300,1.0,0.0
2016-06-06 20:10:45.400,1.0,0.0
2016-06-06 20:10:45.500,1.0,0.0
2016-06-06 20:10:45.600,1.0,0.0
2016-06-06 20:10:45.700,1.0,0.0
2016-06-06 20:10:45.800,1.0,0.0
2016-06-06 20:10:45.900,1.0,0.0
2016-06-06 20:10:46.000,1.0,0.0
2016-06-06 20:10:46.100,1.0,0.0
2016-06-06 20:10:46.200,1.0,0.0
2016-06-06 20:10:46.300,1.0,0.0
2016-06-06 20:10:46.400,1.0,0.0
2016-06-06 20:10:46.500,1.0,0.0
2016-06-06 20:10:46.600,1.0,0.0
2016-06-06 20:10:46.700,1.0,0.0
2016-06-06 20:10:46.800,1.0,0.0
2016-06-06 20:10:46.900,1.0,0.0
2016-06-06 20:10:47.000,1.0,0.0
2016-06-06 20:10:47.100,1.0,0.0
2016-06-06 20:10:47.200,1.0,0.0
2016-06-06 20:10:47.300,1.0,0.0
2016-06-06 20:10:47.400,1.0,0.0
2016-06-06 20:10:47.500,1.0,0.0
2016-06-06 20:10:47.600,1.0,0.0
2016-06-06 20:10:47.700,1.0,0.0
2016-06-06 20:10:47.800,1.0,0.0
2016-06-06 20:10:47.900,1.0,0.0
2016-06-06 20:10:48.000,1.0,0.0
2016-06-06 20:10:48.100,1.0,0.0
2016-06-06 20:10:48.200,1.0,0.0
2016-06-06 20:10:48.300,0.0,2.0
2016-06-06 20:10:48.400,0.0,2.0
2016-06-06 20:10:48.500,0.0,2.0
2016-06-06 20:10:48.600,0.0,2.0
2016-06-06 20:10:48.700,0.0,2.0
2016-06-06 20:10:48.800,0.0,2.0
2016-06-06 20:10:48.900,0.0,2.0
2016-06-06 20:10:49.000,0.0,2.0
2016-06-06 20:10:49.100,0.0,2.0
2016-06-06 20:10:49.200,0.0,2.0
2016-06-06 20:10:49.300,0.0,2.0
2016-06-06 20:10:49.400,0.0,2.0
2016-06-06 20:10:49.500,0.0,2.0
2016-06-06 20:10:49.600,0.0,2.0
2016-06-06 20:10:49.700,0.0,2.0
2016-06-06 20:10:49.800,1.0,1.0
2016-06-06 20:10:49.900,1.0,1.0
2016-06-06 20:10:50.000,1.0,1.0
2016-06-06 20:10:50.100,1.0,1.0
2016-06-06 20:10:50.200,1.0,1.0
2016-06-06 20:10:50.300,1.0,1.0
2016-06-06 20:10:50.400,1.0,1.0
2016-06-06 20:10:50.500,1.0,1.0
2016-06-06 20:10:50.600,1.0,1.0
2016-06-06 20:10:50.700,1.0,1.0
2016-06-06 20:10:50.800,1.0,1.0
2016-06-06 20:10:50.900,1.0,1.0
2016-06-06 20:10:51.000,1.0,1.0
2016-06-06 20:10:51.100,1.0,1.0
2016-06-06 20:10:51.200,1.0,1.0
2016-06-06 20:10:51.300,1.0,1.0
2016-06-06 20:10:51.400,1.0,1.0
2016-06-06 20:10:51.500,1.0,1.0
2016-06-06 20:10:51.600,1.0,1.0
2016-06-06 20:10:51.700,1.0,1.0
2016-06-06 20:10:51.800,1.0,1.0
2016-06-06 20:10:51.900,1.0,1.0
2016-06-06 20:10:52.000,1.0,1.0
2016-06-06 20:10:52.100,1.0,1.0
2016-06-06 20:10:52.200,1.0,1.0
2016-06-06 20:10:52.300,1.0,1.0
2016-06-06 20:10:52.400,1.0,1.0
2016-06-06 20:10:52.500,1.0,1.0
2016-06-06 20:10:52.600,1.0,1.0
2016-06-06 20:10:52.700,1.0,1.0
2016-06-06 20:10:52.800,1.0,1.0
2016-06-06 20:10:52.900,1.0,1.0
2016-06-06 20:10:53.000,1.0,1.0
2016-06-06 20:10:53.100,1.0,1.0
2016-06-06 20:10:53.200,1.0,1.0
2016-06-06 20:10:53.300,1.0,1.0
2016-06-06 20:10:53.400,1.0,1.0
2016-06-06 20:10:53.500,1.0,1.0
2016-06-06 20:10:53.600,1.0,1.0
2016-06-06 20:10:53.700,1.0,1.0
2016-06-06 20:10:53.800,1.0,1.0
2016-06-06 20:10:53.900,1.0,1.0
2016-06-06 20:10:54.000,1.0,1.0
2016-06-06 20:10:54.100,1.0,1.0
2016-06-06 20:10:54.200,1.0,1.0
2016-06-06 20:10:54.300,1.0,1.0
2016-06-06 20:10:54.400,1.0,1.0
2016-06-06 20:10:54.500,1.0,1.0
2016-06-06 20:10:54.600,1.0,1.0
2016-06-06 20:10:54.700,1.0,1.0
2016-06-06 20:10:54.800,0.0,2.0
2016-06-06 20:10:54.900,2.0,2.0
2016-06-06 20:10:55.000,2.0,2.0
2016-06-06 20:10:55.100,2.0,2.0
2016-06-06 20:10:55.200,2.0,2.0
2016-06-06 20:10:55.300,2.0,2.0
2016-06-06 20:10:55.400,2.0,2.0
2016-06-06 20:10:55.500,2.0,2.0
2016-06-06 20:10:55.600,2.0,2.0
2016-06-06 20:10:55.700,2.0,2.0
2016-06-06 20:10:55.800,2.0,2.0
2016-06-06 20:10:55.900,2.0,2.0
2016-06-06 20:10:56.000,2.0,2.0
2016-06-06 20:10:56.100,2.0,2.0
2016-06-06 20:10:56.200,2.0,2.0
2016-06-06 20:10:56.300,2.0,2.0
2016-06-06 20:10:56.400,2.0,2.0
2016-06-06 20:10:56.500,2.0,2.0
2016-06-06 20:10:56.600,2.0,2.0
2016-06-06 20:10:56.700,2.0,2.0
2016-06-06 20:10:56.800,2.0,2.0
2016-06-06 20:10:56.900,2.0,2.0
2016-06-06 20:10:57.000,2.0,2.0
2016-06-06 20:10:57.100,2.0,2.0
2016-06-06 20:10:57.200,2.0,2.0
2016-06-06 20:10:57.300,2.0,2.0
2016-06-06 20:10:57.400,2.0,2.0
2016-06-06 20:10:57.500,2.0,2.0
2016-06-06 20:10:57.600,0.0,2.0
2016-06-06 20:10:57.700,2.0,2.0
2016-06-06 20:10:57.800,2.0,2.0
2016-06-06 20:10:57.900,2.0,2.0
2016-06-06 20:10:58.000,2.0,2.0
2016-06-06 20:10:58.100,2.0,2.0
2016-06-06 20:10:58.200,2.0,2.0
2016-06-06 20:10:58.300,2.0,2.0
2016-06-06 20:10:58.400,2.0,2.0
2016-06-06 20:10:58.500,2.0,2.0
2016-06-06 20:10:58.600,2.0,2.0
2016-06-06 20:10:58.700,2.0,2.0
2016-06-06 20:10:58.800,2.0,2.0
2016-06-06 20:10:58.900,2.0,2.0
2016-06-06 20:10:59.000,2.0,2.0
2016-06-06 20:10:59.100,2.0,2.0
2016-06-06 20:10:59.200,2.0,2.0
2016-06-06 20:10:59.300,2.0,2.0
2016-06-06 20:10:59.400,2.0,2.0
2016-06-06 20:10:59.500,2.0,2.0
2016-06-06 20:10:59.600,2.0,2.0
2016-06-06 20:10:59.700,2.0,2.0
2016-06-06 20:10:59.800,2.0,2.0
2016-06-06 20:10:59.900,2.0,2.0
2016-06-06 20:11:00.000,2.0,2.0
2016-06-06 20:11:00.100,2.0,2.0
2016-06-06 20:11:00.200,2.0,2.0
2016-06-06 20:11:00.300,2.0,2.0
2016-06-06 20:11:00.400,2.0,2.0
2016-06-06 20:11:00.500,2.0,2.0
2016-06-06 20:11:00.600,2.0,2.0
2016-06-06 20:11:00.700,2.0,2.0
2016-06-06 20:11:00.800,2.0,2.0
2016-06-06 20:11:00.900,2.0,2.0
2016-06-06 20:11:01.000,2.0,2.0
2016-06-06 20:11:01.100,2.0,2.0
2016-06-06 20:11:01.200,2.0,2.0
2016-06-06 20:11:01.300,2.0,2.0
2016-06-06 20:11:01.400,2.0,2.0
2016-06-06 20:11:01.500,2.0,2.0
2016-06-06 20:11:01.600,2.0,2.0
2016-06-06 20:11:01.700,0.0,2.0
2016-06-06 20:11:01.800,0.0,2.0
2016-06-06 20:11:01.900,0.0,2.0
2016-06-06 20:11:02.000,0.0,2.0
2016-06-06 20:11:02.100,0.0,2.0
2016-06-06 20:11:02.200,0.0,2.0
2016-06-06 20:11:02.300,0.0,2.0
2016-06-06 20:11:02.400,0.0,2.0
2016-06-06 20:11:02.500,0.0,2.0
2016-06-06 20:11:02.600,0.0,2.0
2016-06-06 20:11:02.700,0.0,2.0
2016-06-06 20:11:02.800,0.0,2.0
2016-06-06 20:11:02.900,0.0,2.0
2016-06-06 20:11:03.000,0.0,2.0
2016-06-06 20:11:03.100,0.0,2.0
2016-06-06 20:11:03.200,0.0,2.0
2016-06-06 20:11:03.300,0.0,2.0
2016-06-06 20:11:03.400,0.0,2.0
2016-06-06 20:11:03.500,1.0,1.0
2016-06-06 20:11:03.600,1.0,1.0
2016-06-06 20:11:03.700,1.0,1.0
2016-06-06 20:11:03.800,1.0,1.0
2016-06-06 20:11:03.900,1.0,1.0
2016-06-06 20:11:04.000,1.0,1.0
2016-06-06 20:11:04.100,1.0,1.0
2016-06-06 20:11:04.200,1.0,1.0
2016-06-06 20:11:04.300,1.0,1.0
2016-06-06 20:11:04.400,1.0,1.0
2016-06-06 20:11:04.500,1.0,1.0
2016-06-06 20:11:04.600,1.0,1.0
2016-06-06 20:11:04.700,1.0,1.0
2016-06-06 20:11:04.800,1.0,1.0
2016-06-06 20:11:04.900,1.0,1.0
2016-06-06 20:11:05.000,1.0,1.0
2016-06-06 20:11:05.100,1.0,1.0
2016-06-06 20:11:05.200,1.0,1.0
2016-06-06 20:11:05.300,1.0,1.0
2016-06-06 20:11:05.400,1.0,1.0
2016-06-06 20:11:05.500,1.0,1.0
2016-06-06 20:11:05.600,1.0,1.0
2016-06-06 20:11:05.700,1.0,1.0
2016-06-06 20:11:05.800,1.0,1.0
2016-06-06 20:11:05.900,1.0,1.0
2016-06-06 20:11:06.000,1.0,1.0
2016-06-06 20:11:06.100,1.0,1.0
2016-06-06 20:11:06.200,1.0,1.0
2016-06-06 20:11:06.300,1.0,1.0
2016-06-06 20:11:06.400,1.0,1.0
2016-06-06 20:11:06.500,1.0,1.0
2016-06-06 20:11:06.600,1.0,1.0
2016-06-06 20:11:06.700,1.0,1.0
2016-06-06 20:11:06.800,1.0,1.0
2016-06-06 20:11:06.900,1.0,1.0
2016-06-06 20:11:07.000,1.0,1.0
2016-06-06 20:11:07.100,1.0,1.0
2016-06-06 20:11:07.200,1.0,1.0
2016-06-06 20:11:07.300,1.0,1.0
2016-06-06 20:11:07.400,1.0,1.0
2016-06-06 20:11:07.500,1.0,1.0
2016-06-06 20:11:07.600,1.0,1.0
2016-06-06 20:11:07.700,1.0,1.0
2016-06-06 20:11:07.800,1.0,1.0
2016-06-06 20:11:07.900,1.0,1.0
2016-06-06 20:11:08.000,1.0,1.0
2016-06-06 20:11:08.100,1.0,1.0
2016-06-06 20:11:08.200,1.0,1.0
2016-06-06 20:11:08.300,1.0,1.0
2016-06-06 20:11:08.400,1.0,1.0
2016-06-06 20:11:08.500,0.0,2.0
2016-06-06 20:11:08.600,2.0,2.0
2016-06-06 20:11:08.700,2.0,2.0
2016-06-06 20:11:08.800,2.0,2.0
2016-06-06 20:11:08.900,2.0,2.0
2016-06-06 20:11:09.000,2.0,2.0
2016-06-06 20:11:09.100,2.0,2.0
2016-06-06 20:11:09.200,2.0,2.0
2016-06-06 20:11:09.300,2.0,2.0
2016-06-06 20:11:09.400,2.0,2.0
2016-06-06 20:11:09.500,2.0,2.0
2016-06-06 20:11:09.600,2.0,2.0
2016-06-06 20:11:09.700,2.0,2.0
2016-06-06 20:11:09.800,2.0,2.0
2016-06-06 20:11:09.900,2.0,2.0
2016-06-06 20:11:10.000,2.0,2.0
2016-06-06 20:11:10.100,2.0,2.0
2016-06-06 20:11:10.200,2.0,2.0
2016-06-06 20:11:10.300,2.0,2.0
2016-06-06 20:11:10.400,2.0,2.0
2016-06-06 20:11:10.500,2.0,2.0
2016-06-06 20:11:10.600,2.0,2.0
2016-06-06 20:11:10.700,2.0,2.0
2016-06-06 20:11:10.800,2.0,2.0
2016-06-06 20:11:10.900,2.0,2.0
2016-06-06 20:11:11.000,2.0,2.0
2016-06-06 20:11:11.100,2.0,2.0
2016-06-06 20:11:11.200,2.0,2.0
2016-06-06 20:11:11.300,2.0,2.0
2016-06-06 20:11:11.400,2.0,2.0
2016-06-06 20:11:11.500,0.0,2.0
2016-06-06 20:11:11.600,2.0,2.0
2016-06-06 20:11:11.700,2.0,2.0
2016-06-06 20:11:11.800,0.0,2.0
2016-06-06 20:11:11.900,0.0,2.0
2016-06-06 20:11:12.000,2.0,2.0
2016-06-06 20:11:12.100,2.0,2.0
2016-06-06 20:11:12.200,2.0,2.0
2016-06-06 20:11:12.300,2.0,2.0
2016-06-06 20:11:12.400,2.0,2.0
2016-06-06 20:11:12.500,2.0,2.0
2016-06-06 20:11:12.600,2.0,2.0
2016-06-06 20:11:12.700,2.0,2.0
2016-06-06 20:11:12.800,2.0,2.0
2016-06-06 20:11:12.900,2.0,2.0
2016-06-06 20:11:13.000,2.0,2.0
2016-06-06 20:11:13.100,2.0,2.0
2016-06-06 20:11:13.200,2.0,2.0
2016-06-06 20:11:13.300,2.0,2.0
2016-06-06 20:11:13.400,2.0,2.0
2016-06-06 20:11:13.500,2.0,2.0
2016-06-06 20:11:13.600,2.0,2.0
2016-06-06 20:11:13.700,2.0,2.0
2016-06-06 20:11:13.800,2.0,2.0
2016-06-06 20:11:13.900,2.0,2.0
2016-06-06 20:11:14.000,2.0,2.0
2016-06-06 20:11:14.100,2.0,2.0
2016-06-06 20:11:14.200,2.0,2.0
2016-06-06 20:11:14.300,2.0,2.0
2016-06-06 20:11:14.400,2.0,2.0
2016-06-06 20:11:14.500,2.0,2.0
2016-06-06 20:11:14.600,2.0,2.0
2016-06-06 20:11:14.700,2.0,2.0
2016-06-06 20:11:14.800,2.0,2.0
2016-06-06 20:11:14.900,2.0,2.0
2016-06-06 20:11:15.000,2.0,2.0
2016-06-06 20:11:15.100,2.0,2.0
2016-06-06 20:11:15.200,2.0,2.0
2016-06-06 20:11:15.300,2.0,2.0
2016-06-06 20:11:15.400,2.0,2.0
2016-06-06 20:11:15.500,2.0,2.0
2016-06-06 20:11:15.600,2.0,2.0
2016-06-06 20:11:15.700,2.0,2.0
2016-06-06 20:11:15.800,2.0,2.0
2016-06-06 20:11:15.900,2.0,2.0
2016-06-06 20:11:16.000,2.0,2.0
2016-06-06 20:11:16.100,2.0,2.0
2016-06-06 20:11:16.200,2.0,2.0
2016-06-06 20:11:16.300,2.0,2.0
2016-06-06 20:11:16.400,2.0,2.0
2016-06-06 20:11:16.500,2.0,2.0
2016-06-06 20:11:16.600,2.0,2.0
2016-06-06 20:11:16.700,2.0,2.0
2016-06-06 20:11:16.800,2.0,2.0
2016-06-06 20:11:16.900,2.0,2.0
2016-06-06 20:11:17.000,2.0,2.0
2016-06-06 20:11:17.100,2.0,2.0
2016-06-06 20:11:17.200,2.0,2.0
2016-06-06 20:11:17.300,2.0,2.0
2016-06-06 20:11:17.400,2.0,2.0
2016-06-06 20:11:17.500,2.0,2.0
2016-06-06 20:11:17.600,2.0,2.0
2016-06-06 20:11:17.700,2.0,2.0
2016-06-06 20:11:17.800,2.0,2.0
2016-06-06 20:11:17.900,2.0,2.0
2016-06-06 20:11:18.000,2.0,2.0
2016-06-06 20:11:18.100,2.0,2.0
2016-06-06 20:11:18.200,2.0,2.0
2016-06-06 20:11:18.300,2.0,2.0
2016-06-06 20:11:18.400,2.0,2.0
2016-06-06 20:11:18.500,2.0,2.0
2016-06-06 20:11:18.600,2.0,2.0
2016-06-06 20:11:18.700,2.0,2.0
2016-06-06 20:11:18.800,2.0,2.0
2016-06-06 20:11:18.900,2.0,2.0
2016-06-06 20:11:19.000,2.0,2.0
2016-06-06 20:11:19.100,2.0,2.0
2016-06-06 20:11:19.200,2.0,2.0
2016-06-06 20:11:19.300,2.0,2.0
2016-06-06 20:11:19.400,2.0,2.0
2016-06-06 20:11:19.500,2.0,2.0
2016-06-06 20:11:19.600,2.0,2.0
2016-06-06 20:11:19.700,2.0,2.0
2016-06-06 20:11:19.800,2.0,2.0
2016-06-06 20:11:19.900,2.0,2.0
2016-06-06 20:11:20.000,2.0,2.0
2016-06-06 20:11:20.100,2.0,2.0
2016-06-06 20:11:20.200,2.0,2.0
2016-06-06 20:11:20.300,2.0,2.0
2016-06-06 20:11:20.400,2.0,2.0
2016-06-06 20:11:20.500,2.0,2.0
2016-06-06 20:11:20.600,2.0,2.0
2016-06-06 20:11:20.700,2.0,2.0
2016-06-06 20:11:20.800,2.0,2.0
2016-06-06 20:11:20.900,2.0,2.0
2016-06-06 20:11:21.000,2.0,2.0
2016-06-06 20:11:21.100,2.0,2.0
2016-06-06 20:11:21.200,2.0,2.0
2016-06-06 20:11:21.300,2.0,2.0
2016-06-06 20:11:21.400,2.0,2.0
2016-06-06 20:11:21.500,2.0,2.0
2016-06-06 20:11:21.600,0.0,2.0
2016-06-06 20:11:21.700,0.0,2.0
2016-06-06 20:11:21.800,0.0,2.0
2016-06-06 20:11:21.900,0.0,2.0
2016-06-06 20:11:22.000,0.0,2.0
2016-06-06 20:11:22.100,0.0,2.0
2016-06-06 20:11:22.200,0.0,2.0
2016-06-06 20:11:22.300,0.0,2.0
2016-06-06 20:11:22.400,0.0,2.0
2016-06-06 20:11:22.500,0.0,2.0
2016-06-06 20:11:22.600,0.0,2.0
2016-06-06 20:11:22.700,0.0,2.0
2016-06-06 20:11:22.800,0.0,2.0
2016-06-06 20:11:22.900,0.0,2.0
2016-06-06 20:11:23.000,0.0,2.0
2016-06-06 20:11:23.100,0.0,2.0
2016-06-06 20:11:23.200,0.0,2.0
2016-06-06 20:11:23.300,0.0,0.0
2016-06-06 20:11:23.400,0.0,0.0
2016-06-06 20:11:23.500,0.0,0.0
2016-06-06 20:11:23.600,0.0,0.0
2016-06-06 20:11:23.700,0.0,0.0
2016-06-06 20:11:23.800,0.0,0.0
2016-06-06 20:11:23.900,0.0,0.0
2016-06-06 20:11:24.000,0.0,0.0
2016-06-06 20:11:24.100,0.0,0.0
2016-06-06 20:11:24.200,0.0,0.0
2016-06-06 20:11:24.300,0.0,0.0
2016-06-06 20:11:24.400,0.0,0.0
2016-06-06 20:11:24.500,0.0,0.0
2016-06-06 20:11:24.600,0.0,0.0
2016-06-06 20:11:24.700,0.0,0.0
2016-06-06 20:11:24.800,0.0,0.0
2016-06-06 20:11:24.900,0.0,0.0
2016-06-06 20:11:25.000,0.0,0.0
